generation,individual,fitness_f1,learning_rate,epochs,batch_size,dropout1,dropout2,dropout3,h1,h2,h3,patience
1,1,0.7105263157894737,0.002440040001969221,36,64,0.3,0.2,0.1,64,32,16,8
1,2,0.7136563876651982,0.0003452238175017188,41,64,0.1,0.4,0.0,64,32,16,8
1,3,0.18947368421052632,0.00022472664994332075,48,16,0.1,0.2,0.3,64,32,16,8
1,4,0.714975845410628,0.0004737530295961662,72,32,0.1,0.2,0.3,64,32,16,8
1,5,0.6519337016574586,0.0007570166249152526,44,16,0.3,0.1,0.0,64,32,16,8
1,6,0.5536723163841808,0.0008841278748921534,57,32,0.3,0.1,0.3,64,32,16,8
1,7,0.625,0.0016295415498434227,59,16,0.3,0.3,0.1,64,32,16,8
1,8,0.6043956043956045,0.003148302188694549,37,64,0.2,0.3,0.0,64,32,16,8
1,9,0.7251461988304092,0.005677918413839926,90,16,0.4,0.3,0.3,64,32,16,8
1,10,0.4153846153846154,0.0024045776088594786,58,16,0.3,0.3,0.1,64,32,16,8
1,11,0.7168141592920354,0.0027519308357534856,79,64,0.1,0.2,0.1,64,32,16,8
1,12,0.663551401869159,0.00037900586552769077,59,32,0.2,0.3,0.0,64,32,16,8
1,13,0.024096385542168672,0.0004899771186690491,37,32,0.4,0.3,0.0,64,32,16,8
1,14,0.6666666666666666,0.0004565449238067573,71,64,0.3,0.2,0.3,64,32,16,8
1,15,0.7105263157894737,0.0009401490863411858,76,32,0.2,0.3,0.1,64,32,16,8
1,16,0.047619047619047616,0.0005248591025191541,70,64,0.3,0.4,0.3,64,32,16,8
1,17,0.6217616580310881,0.0008242350814465854,43,64,0.4,0.1,0.0,64,32,16,8
1,18,0.719626168224299,0.005807885018422765,44,64,0.2,0.4,0.0,64,32,16,8
1,19,0.024390243902439022,0.0009010276466604756,73,32,0.3,0.1,0.0,64,32,16,8
1,20,0.380952380952381,0.0028789588956782157,69,32,0.3,0.1,0.2,64,32,16,8
2,1,0.2857142857142857,0.005677918413839926,90,16,0.4,0.3,0.3,64,32,16,8
2,2,0.16666666666666666,0.0009401490863411858,90,32,0.2,0.3,0.3,64,32,16,8
2,3,0.71,0.005677918413839926,76,16,0.4,0.3,0.1,64,32,16,8
2,4,0.48275862068965514,0.005807885018422765,44,64,0.2,0.4,0.0,64,32,16,8
2,5,0.15384615384615385,0.005807885018422765,49,16,0.2,0.4,0.1,64,32,16,8
2,6,0.3458646616541353,0.008390107430260212,44,64,0.4,0.4,0.0,64,32,16,8
2,7,0.024096385542168672,0.005677918413839926,90,16,0.4,0.4,0.3,64,32,16,8
2,8,0.6767676767676768,0.0004565449238067573,71,64,0.2,0.2,0.0,64,32,16,8
2,9,0.72,0.003148302188694549,37,64,0.3,0.3,0.3,64,32,16,8
2,10,0.5538461538461538,0.0008841278748921534,57,64,0.3,0.4,0.0,64,32,16,8
2,11,0.6810810810810811,0.0003452238175017188,41,32,0.1,0.1,0.4,64,32,16,8
2,12,0.6210526315789474,0.005677918413839926,90,16,0.4,0.3,0.3,64,32,16,8
2,13,0.8128342245989304,0.00037900586552769077,70,32,0.2,0.3,0.0,64,32,16,8
2,14,0.7105263157894737,0.004341889083061742,90,16,0.4,0.3,0.3,64,32,16,8
2,15,0.6909090909090909,0.005677918413839926,90,16,0.4,0.3,0.2,64,32,16,8
2,16,0.6542056074766355,0.005807885018422765,44,64,0.2,0.4,0.0,64,32,16,8
2,17,0.6407766990291262,0.0003452238175017188,49,64,0.1,0.4,0.0,64,32,16,8
2,18,0.6912442396313365,0.005677918413839926,90,16,0.4,0.3,0.3,64,32,16,8
2,19,0.7085201793721974,0.0002888968803052222,72,32,0.1,0.2,0.3,64,32,16,8
2,20,0.6878306878306879,0.005807885018422765,90,64,0.4,0.4,0.3,64,32,16,8
3,1,0.0,0.00037900586552769077,70,32,0.2,0.3,0.0,64,32,16,8
3,2,0.3387096774193548,0.004341889083061742,90,16,0.1,0.4,0.0,64,32,16,8
3,3,0.0,0.0003452238175017188,49,64,0.4,0.3,0.4,64,32,16,8
3,4,0.46874999999999994,0.005677918413839926,76,16,0.4,0.3,0.1,64,32,16,8
3,5,0.3119266055045872,0.005807885018422765,90,64,0.4,0.4,0.3,64,32,16,8
3,6,0.7078651685393258,0.005677918413839926,90,16,0.4,0.3,0.3,64,32,16,8
3,7,0.4444444444444444,0.004341889083061742,90,16,0.4,0.3,0.2,64,32,16,8
3,8,0.6190476190476192,0.005677918413839926,37,16,0.4,0.3,0.3,64,32,16,8
3,9,0.6889952153110048,0.003148302188694549,76,32,0.3,0.3,0.1,64,32,16,8
3,10,0.648936170212766,0.005807885018422765,90,64,0.4,0.4,0.3,64,32,16,8
3,11,0.5616438356164384,0.004341889083061742,90,16,0.4,0.3,0.3,64,32,16,8
3,12,0.5751633986928105,0.003148302188694549,90,16,0.3,0.3,0.3,64,32,16,8
3,13,0.12962962962962962,0.005677918413839926,37,64,0.4,0.3,0.3,64,32,16,8
3,14,0.1797752808988764,0.0002888968803052222,72,32,0.1,0.2,0.3,64,32,16,8
3,15,0.5070422535211268,0.00037900586552769077,70,32,0.2,0.4,0.0,64,32,16,8
3,16,0.564885496183206,0.005677918413839926,76,16,0.4,0.3,0.1,64,32,16,8
3,17,0.5227272727272726,0.004341889083061742,90,16,0.4,0.3,0.3,64,32,16,8
3,18,0.6538461538461539,0.005677918413839926,37,64,0.3,0.3,0.1,64,32,16,8
3,19,0.6467661691542288,0.003148302188694549,76,16,0.4,0.3,0.3,64,32,16,8
3,20,0.7105263157894737,0.00037900586552769077,76,32,0.4,0.3,0.1,64,32,16,8
4,1,0.06593406593406594,0.00037900586552769077,70,32,0.2,0.3,0.0,64,32,16,8
4,2,0.7918781725888325,0.005807885018422765,90,16,0.4,0.3,0.3,64,32,16,8
4,3,0.5343511450381679,0.005677918413839926,90,64,0.4,0.4,0.3,64,32,16,8
4,4,0.6143790849673203,0.005807885018422765,37,64,0.3,0.3,0.3,64,32,16,8
4,5,0.7661691542288558,0.005677918413839926,75,64,0.4,0.4,0.2,64,32,16,8
4,6,0.45086705202312133,0.005807885018422765,90,64,0.4,0.3,0.1,64,32,16,8
4,7,0.41379310344827586,0.0014996121837105474,76,32,0.3,0.4,0.3,64,32,16,8
4,8,0.676470588235294,0.003148302188694549,90,32,0.3,0.3,0.3,64,32,16,8
4,9,0.7105263157894737,0.005677918413839926,76,16,0.4,0.3,0.1,64,32,16,8
4,10,0.4461538461538461,0.005677918413839926,90,16,0.4,0.3,0.0,64,32,16,8
4,11,0.7127659574468085,0.004341889083061742,37,64,0.3,0.3,0.1,64,32,16,8
4,12,0.7152317880794701,0.005677918413839926,76,32,0.3,0.3,0.3,64,32,16,8
4,13,0.6145251396648045,0.003148302188694549,37,16,0.4,0.3,0.1,64,32,16,8
4,14,0.33613445378151263,0.005677918413839926,37,16,0.4,0.3,0.3,64,32,16,8
4,15,0.6620689655172414,0.003148302188694549,76,16,0.4,0.3,0.3,64,32,16,8
4,16,0.5517241379310345,0.004341889083061742,90,16,0.4,0.3,0.3,64,32,16,8
4,17,0.6586826347305389,0.004341889083061742,90,16,0.4,0.3,0.3,64,32,16,8
4,18,0.6666666666666666,0.01,90,16,0.4,0.3,0.3,64,32,16,8
4,19,0.6171428571428571,0.005677918413839926,76,32,0.4,0.3,0.1,64,32,16,8
4,20,0.35398230088495575,0.005807885018422765,90,64,0.4,0.4,0.3,64,32,16,8
5,1,0.13333333333333333,0.00037900586552769077,70,32,0.2,0.3,0.0,64,32,16,8
5,2,0.712962962962963,0.005807885018422765,90,32,0.4,0.3,0.3,64,32,16,8
5,3,0.05607476635514019,0.005677918413839926,76,32,0.3,0.3,0.3,64,32,16,8
5,4,0.6701030927835051,0.004341889083061742,37,64,0.3,0.3,0.1,64,32,16,8
5,5,0.7105263157894737,0.003148302188694549,76,64,0.4,0.3,0.3,64,32,16,8
5,6,0.6802030456852792,0.003148302188694549,76,64,0.4,0.3,0.3,64,32,16,8
5,7,0.7612903225806451,0.005807885018422765,90,16,0.4,0.3,0.3,64,32,16,8
5,8,0.6503067484662577,0.005807885018422765,90,16,0.3,0.3,0.2,64,32,16,8
5,9,0.6333333333333334,0.005807885018422765,37,64,0.4,0.3,0.3,64,32,16,8
5,10,0.5873015873015872,0.005677918413839926,75,64,0.4,0.4,0.0,64,32,16,8
5,11,0.42519685039370075,0.005677918413839926,76,16,0.2,0.3,0.1,64,32,16,8
5,12,0.7261904761904762,0.005677918413839926,76,16,0.4,0.3,0.3,64,32,16,8
5,13,0.18518518518518517,0.003148302188694549,76,32,0.3,0.3,0.3,64,32,16,8
5,14,0.41935483870967744,0.004341889083061742,88,16,0.4,0.3,0.3,64,32,16,8
5,15,0.5764705882352942,0.003148302188694549,63,16,0.4,0.3,0.3,64,32,16,8
5,16,0.6703296703296704,0.005807885018422765,90,64,0.4,0.3,0.1,64,32,16,8
5,17,0.5276073619631901,0.004341889083061742,37,16,0.3,0.3,0.3,64,32,16,8
5,18,0.6979166666666666,0.005677918413839926,76,16,0.4,0.3,0.1,64,32,16,8
5,19,0.673170731707317,0.005677918413839926,62,16,0.4,0.0,0.1,64,32,16,8
5,20,0.6758620689655173,0.005677918413839926,76,16,0.4,0.3,0.3,64,32,16,8
6,1,0.5762711864406779,0.00037900586552769077,70,32,0.2,0.3,0.0,64,32,16,8
6,2,0.6052631578947368,0.005807885018422765,90,32,0.4,0.3,0.3,64,32,16,8
6,3,0.6995073891625616,0.002373636091674353,63,16,0.4,0.3,0.0,64,32,16,8
6,4,0.509090909090909,0.005807885018422765,90,16,0.0,0.3,0.2,64,32,16,8
6,5,0.6944444444444444,0.004341889083061742,37,16,0.3,0.3,0.3,64,32,16,8
6,6,0.701492537313433,0.005807885018422765,76,32,0.4,0.3,0.3,64,32,16,8
6,7,0.6527777777777778,0.003148302188694549,89,64,0.2,0.0,0.3,64,32,16,8
6,8,0.6851851851851851,0.003148302188694549,63,32,0.4,0.3,0.3,64,32,16,8
6,9,0.26804123711340205,0.005807885018422765,90,16,0.4,0.3,0.3,64,32,16,8
6,10,0.32,0.005677918413839926,76,16,0.4,0.3,0.3,64,32,16,8
6,11,0.7069767441860464,0.005677918413839926,76,16,0.4,0.3,0.1,64,32,16,8
6,12,0.7745664739884394,0.005677918413839926,71,16,0.4,0.3,0.3,64,32,16,8
6,13,0.6769230769230768,0.005677918413839926,76,16,0.4,0.3,0.2,64,32,16,8
6,14,0.7105263157894737,0.005807885018422765,90,16,0.4,0.3,0.3,64,32,16,8
6,15,0.3364485981308411,0.005677918413839926,76,16,0.3,0.3,0.1,64,32,16,8
6,16,0.099009900990099,0.003148302188694549,83,64,0.4,0.3,0.3,64,32,16,8
6,17,0.0,0.003148302188694549,76,64,0.4,0.3,0.0,64,32,16,8
6,18,0.4233576642335767,0.005807885018422765,76,64,0.4,0.2,0.3,64,32,16,8
6,19,0.2201834862385321,0.003148302188694549,90,32,0.4,0.3,0.3,64,32,16,8
6,20,0.5909090909090909,0.00611503249911015,90,32,0.4,0.3,0.1,64,32,16,8
7,1,0.19469026548672566,0.00037900586552769077,70,32,0.2,0.3,0.0,64,32,16,8
7,2,0.7087378640776699,0.005677918413839926,76,16,0.4,0.3,0.2,64,32,16,8
7,3,0.14285714285714285,0.005677918413839926,76,16,0.4,0.3,0.1,64,32,16,8
7,4,0.624113475177305,0.005677918413839926,81,16,0.4,0.3,0.1,64,32,16,8
7,5,0.7319587628865979,0.00995996161818699,76,16,0.4,0.3,0.1,64,32,16,8
7,6,0.6521739130434783,0.005677918413839926,71,16,0.4,0.3,0.3,64,32,16,8
7,7,0.0967741935483871,0.004341889083061742,37,16,0.3,0.3,0.3,64,32,16,8
7,8,0.09174311926605504,0.003148302188694549,89,64,0.4,0.3,0.1,64,32,16,8
7,9,0.5492227979274611,0.00611503249911015,90,32,0.2,0.0,0.3,64,32,16,8
7,10,0.7692307692307692,0.005677918413839926,71,32,0.4,0.3,0.3,64,32,16,8
7,11,0.5988023952095808,0.005677918413839926,71,16,0.4,0.3,0.3,64,32,16,8
7,12,0.6138613861386137,0.005807885018422765,81,32,0.4,0.3,0.3,64,32,16,8
7,13,0.6263736263736264,0.005807885018422765,90,32,0.4,0.3,0.0,64,32,16,8
7,14,0.7053571428571428,0.003148302188694549,90,64,0.4,0.0,0.3,64,32,16,8
7,15,0.5654450261780105,0.005807885018422765,89,16,0.2,0.3,0.3,64,32,16,8
7,16,0.3776223776223776,0.004341889083061742,37,16,0.3,0.3,0.3,64,32,16,8
7,17,0.4496124031007752,0.005807885018422765,90,16,0.3,0.3,0.2,64,32,16,8
7,18,0.4580152671755725,0.005807885018422765,90,16,0.4,0.3,0.2,64,32,16,8
7,19,0.07142857142857142,0.005807885018422765,76,64,0.4,0.2,0.3,64,32,16,8
7,20,0.5844155844155845,0.005807885018422765,90,32,0.4,0.3,0.3,64,32,16,8
8,1,0.14285714285714285,0.00037900586552769077,70,32,0.2,0.3,0.0,64,32,16,8
8,2,0.45390070921985815,0.005807885018422765,81,32,0.4,0.3,0.3,64,32,16,8
8,3,0.45161290322580644,0.005677918413839926,71,32,0.0,0.3,0.3,64,32,16,8
8,4,0.6153846153846153,0.00995996161818699,76,16,0.4,0.0,0.3,64,32,16,8
8,5,0.5079365079365079,0.003148302188694549,90,64,0.4,0.3,0.1,64,32,16,8
8,6,0.18181818181818182,0.005677918413839926,86,32,0.4,0.3,0.3,64,32,16,8
8,7,0.6842105263157895,0.005677918413839926,71,16,0.4,0.3,0.3,64,32,16,8
8,8,0.7444444444444445,0.005677918413839926,76,16,0.4,0.3,0.2,64,32,16,8
8,9,0.7738095238095237,0.008956235514112404,90,32,0.4,0.3,0.1,64,32,16,8
8,10,0.5625,0.005677918413839926,76,16,0.4,0.3,0.2,64,32,16,8
8,11,0.1758241758241758,0.005677918413839926,71,16,0.4,0.3,0.3,64,32,16,8
8,12,0.5810810810810811,0.005677918413839926,81,64,0.1,0.3,0.3,64,32,16,8
8,13,0.1,0.004814155158354123,89,16,0.4,0.3,0.1,64,32,16,8
8,14,0.5671641791044776,0.005677918413839926,81,32,0.4,0.3,0.2,64,32,16,8
8,15,0.7149321266968325,0.005807885018422765,76,16,0.4,0.3,0.3,64,32,16,8
8,16,0.4161073825503355,0.005807885018422765,89,16,0.2,0.3,0.3,64,32,16,8
8,17,0.5786163522012578,0.005807885018422765,81,32,0.4,0.3,0.3,64,32,16,8
8,18,0.5930232558139535,0.01,76,32,0.3,0.3,0.2,64,32,16,8
8,19,0.5714285714285714,0.005677918413839926,76,16,0.4,0.3,0.1,64,32,16,8
8,20,0.768361581920904,0.005807885018422765,76,16,0.4,0.3,0.0,64,32,16,8
9,1,0.09259259259259259,0.00037900586552769077,70,32,0.2,0.3,0.0,64,32,16,8
9,2,0.7105263157894737,0.005677918413839926,76,16,0.4,0.3,0.3,64,32,16,8
9,3,0.7096774193548386,0.00995996161818699,76,64,0.4,0.0,0.2,64,32,16,8
9,4,0.7048458149779736,0.005677918413839926,81,64,0.1,0.3,0.3,64,32,16,8
9,5,0.1797752808988764,0.01,76,32,0.3,0.1,0.3,64,32,16,8
9,6,0.6063829787234042,0.005677918413839926,76,16,0.4,0.3,0.3,64,32,16,8
9,7,0.23853211009174313,0.005807885018422765,71,16,0.4,0.3,0.0,64,32,16,8
9,8,0.712962962962963,0.005677918413839926,71,64,0.4,0.3,0.3,64,32,16,8
9,9,0.2882882882882883,0.005677918413839926,81,16,0.1,0.3,0.3,64,32,16,8
9,10,0.7333333333333333,0.01,76,32,0.3,0.3,0.2,64,32,16,8
9,11,0.7291666666666666,0.01,77,32,0.3,0.3,0.2,64,32,16,8
9,12,0.6625,0.00995996161818699,88,16,0.3,0.0,0.3,64,32,16,8
9,13,0.6635071090047393,0.004517236053063714,76,16,0.4,0.0,0.3,64,32,16,8
9,14,0.7826086956521738,0.00995996161818699,76,16,0.4,0.0,0.2,64,32,16,8
9,15,0.5100671140939597,0.005677918413839926,76,16,0.4,0.3,0.3,64,32,16,8
9,16,0.49664429530201337,0.00995996161818699,81,64,0.1,0.3,0.3,64,32,16,8
9,17,0.7344632768361582,0.005677918413839926,76,32,0.4,0.0,0.3,64,32,16,8
9,18,0.4294478527607362,0.005677918413839926,81,64,0.3,0.3,0.3,64,32,16,8
9,19,0.33009708737864074,0.00995996161818699,72,16,0.4,0.0,0.3,64,32,16,8
9,20,0.6618705035971224,0.005677918413839926,81,32,0.4,0.3,0.2,64,32,16,8
10,1,0.6844919786096257,0.00037900586552769077,70,32,0.2,0.3,0.0,64,32,16,8
10,2,0.7388535031847134,0.005677918413839926,81,64,0.4,0.3,0.3,64,32,16,8
10,3,0.6382978723404256,0.005677918413839926,71,64,0.1,0.3,0.3,64,32,16,8
10,4,0.6331658291457286,0.005677918413839926,81,64,0.1,0.3,0.3,64,32,16,8
10,5,0.7596153846153845,0.005677918413839926,81,64,0.3,0.3,0.3,64,32,16,8
10,6,0.662251655629139,0.00995996161818699,68,64,0.4,0.0,0.2,64,32,16,8
10,7,0.34,0.00995996161818699,76,16,0.4,0.0,0.2,64,32,16,8
10,8,0.3725490196078431,0.005677918413839926,76,16,0.4,0.0,0.2,64,32,16,8
10,9,0.7955801104972375,0.00995996161818699,81,64,0.1,0.3,0.3,64,32,16,8
10,10,0.48695652173913045,0.005677918413839926,71,16,0.4,0.0,0.2,64,32,16,8
10,11,0.7707317073170732,0.00995996161818699,76,64,0.4,0.3,0.3,64,32,16,8
10,12,0.7079646017699115,0.01,76,32,0.3,0.3,0.2,64,32,16,8
10,13,0.7105263157894737,0.00995996161818699,88,16,0.3,0.0,0.3,64,32,16,8
10,14,0.8295454545454545,0.00995996161818699,76,16,0.4,0.0,0.3,64,32,16,8
10,15,0.6262626262626262,0.004517236053063714,76,16,0.4,0.3,0.2,64,32,16,8
10,16,0.5985401459854014,0.00995996161818699,76,16,0.3,0.0,0.2,64,32,16,8
10,17,0.7448979591836735,0.01,76,32,0.4,0.3,0.2,64,32,16,8
10,18,0.20754716981132074,0.005677918413839926,76,32,0.4,0.0,0.3,64,32,16,8
10,19,0.32432432432432434,0.00995996161818699,76,16,0.4,0.0,0.2,64,32,16,8
10,20,0.35,0.005677918413839926,85,32,0.3,0.0,0.3,64,32,16,8
11,1,0.7037037037037037,0.00995996161818699,76,16,0.4,0.0,0.3,64,32,16,8
11,2,0.6952380952380952,0.01,81,64,0.3,0.3,0.3,64,32,16,8
11,3,0.3442622950819672,0.00995996161818699,76,64,0.4,0.3,0.3,64,32,16,8
11,4,0.6909090909090909,0.005677918413839926,76,32,0.0,0.0,0.3,64,32,16,8
11,5,0.7222222222222222,0.00995996161818699,81,64,0.4,0.3,0.3,64,32,16,8
11,6,0.11235955056179774,0.00995996161818699,76,32,0.4,0.0,0.2,64,32,16,8
11,7,0.588235294117647,0.01,68,64,0.4,0.2,0.2,64,32,16,8
11,8,0.5714285714285714,0.01,81,64,0.4,0.3,0.3,64,32,16,8
11,9,0.6775956284153005,0.005677918413839926,79,32,0.4,0.3,0.2,64,32,16,8
11,10,0.5508982035928143,0.00995996161818699,76,32,0.3,0.0,0.2,64,32,16,8
11,11,0.5555555555555556,0.005132736375628385,76,16,0.4,0.3,0.3,64,32,16,8
11,12,0.7058823529411765,0.005677918413839926,70,32,0.3,0.3,0.0,64,32,16,8
11,13,0.3972602739726027,0.00037900586552769077,81,64,0.2,0.3,0.3,64,32,16,8
11,14,0.7085201793721974,0.0027313428542782552,81,64,0.1,0.3,0.3,64,32,16,8
11,15,0.7096774193548387,0.01,76,32,0.4,0.3,0.2,64,32,16,8
11,16,0.49056603773584906,0.01,75,32,0.4,0.3,0.3,64,32,16,8
11,17,0.5802469135802469,0.006172623777045459,76,32,0.4,0.3,0.2,64,32,16,8
11,18,0.7105263157894737,0.01,76,16,0.2,0.3,0.2,64,32,16,8
11,19,0.7272727272727272,0.005677918413839926,81,64,0.3,0.3,0.1,64,32,16,8
11,20,0.6153846153846153,0.00995996161818699,81,16,0.4,0.0,0.3,64,32,16,8
12,1,0.7870967741935484,0.00995996161818699,76,16,0.4,0.0,0.3,64,32,16,8
12,2,0.7111111111111111,0.01,76,32,0.4,0.3,0.2,64,32,16,8
12,3,0.6804123711340206,0.007230835768740883,76,32,0.4,0.3,0.2,64,32,16,8
12,4,0.32592592592592595,0.01,76,64,0.4,0.2,0.2,64,32,16,8
12,5,0.7105263157894737,0.01,90,16,0.2,0.3,0.3,64,32,16,8
12,6,0.6984126984126984,0.005677918413839926,70,32,0.3,0.3,0.3,64,32,16,8
12,7,0.5901639344262294,0.005677918413839926,81,64,0.3,0.3,0.1,64,32,16,8
12,8,0.6931818181818182,0.005677918413839926,76,32,0.4,0.0,0.2,64,32,16,8
12,9,0.6025641025641025,0.00995996161818699,79,16,0.4,0.3,0.3,64,32,16,8
12,10,0.6912442396313365,0.01,70,32,0.3,0.3,0.1,64,32,16,8
12,11,0.7722772277227723,0.005677918413839926,84,64,0.3,0.3,0.0,64,32,16,8
12,12,0.770949720670391,0.005677918413839926,70,32,0.3,0.3,0.1,64,32,16,8
12,13,0.6436781609195402,0.005677918413839926,81,64,0.3,0.3,0.0,64,32,16,8
12,14,0.37837837837837834,0.00995996161818699,81,16,0.4,0.2,0.3,64,32,16,8
12,15,0.4827586206896552,0.005677918413839926,80,64,0.3,0.3,0.1,64,32,16,8
12,16,0.6666666666666667,0.01,76,16,0.0,0.3,0.3,64,32,16,8
12,17,0.28,0.005677918413839926,76,16,0.2,0.0,0.2,64,32,16,8
12,18,0.7461139896373057,0.01,67,16,0.1,0.0,0.2,64,32,16,8
12,19,0.4247787610619469,0.0027313428542782552,81,64,0.4,0.3,0.3,64,32,16,8
12,20,0.7578947368421053,0.01,67,32,0.4,0.3,0.2,64,32,16,8
13,1,0.7142857142857143,0.00995996161818699,76,16,0.4,0.0,0.3,64,32,16,8
13,2,0.6818181818181818,0.01,90,16,0.2,0.3,0.3,64,32,16,8
13,3,0.71,0.005677918413839926,70,32,0.3,0.3,0.3,64,32,16,8
13,4,0.7414634146341462,0.01,67,32,0.4,0.3,0.0,64,32,16,8
13,5,0.706422018348624,0.005677918413839926,84,64,0.3,0.2,0.2,64,32,16,8
13,6,0.15730337078651688,0.005677918413839926,84,64,0.3,0.3,0.0,64,32,16,8
13,7,0.5691056910569104,0.01,66,32,0.4,0.3,0.2,64,32,16,8
13,8,0.6968325791855204,0.005677918413839926,70,32,0.3,0.3,0.1,64,32,16,8
13,9,0.6509433962264151,0.005677918413839926,70,32,0.3,0.3,0.3,64,32,16,8
13,10,0.6333333333333334,0.005677918413839926,70,16,0.3,0.3,0.2,64,32,16,8
13,11,0.7330316742081447,0.005677918413839926,70,32,0.3,0.3,0.3,64,32,16,8
13,12,0.5909090909090909,0.005677918413839926,63,32,0.3,0.3,0.1,64,32,16,8
13,13,0.6329113924050632,0.01,70,32,0.3,0.3,0.1,64,32,16,8
13,14,0.5816326530612245,0.005677918413839926,84,64,0.4,0.3,0.0,64,32,16,8
13,15,0.4873949579831933,0.00995996161818699,76,16,0.4,0.0,0.3,64,32,16,8
13,16,0.69811320754717,0.01,67,16,0.1,0.0,0.2,64,32,16,8
13,17,0.16842105263157894,0.007051262269126169,70,32,0.3,0.3,0.3,64,32,16,8
13,18,0.2909090909090909,0.01,76,32,0.3,0.3,0.2,64,32,16,8
13,19,0.32857142857142857,0.01,70,32,0.4,0.3,0.1,64,32,16,8
13,20,0.7192118226600984,0.00995996161818699,76,16,0.0,0.0,0.3,64,32,16,8
14,1,0.5760000000000001,0.00995996161818699,76,16,0.4,0.0,0.3,64,32,16,8
14,2,0.7484662576687118,0.01,70,32,0.0,0.3,0.0,64,32,16,8
14,3,0.5666666666666667,0.005677918413839926,70,32,0.3,0.3,0.3,64,32,16,8
14,4,0.70935960591133,0.00995996161818699,67,16,0.4,0.0,0.0,64,32,16,8
14,5,0.3119266055045872,0.01,76,32,0.4,0.0,0.3,64,32,16,8
14,6,0.6459627329192547,0.00995996161818699,76,16,0.0,0.1,0.3,64,32,16,8
14,7,0.6697247706422018,0.005677918413839926,84,64,0.0,0.2,0.2,64,32,16,8
14,8,0.7843137254901961,0.01,67,32,0.4,0.3,0.0,64,32,16,8
14,9,0.7121951219512195,0.005677918413839926,70,32,0.3,0.3,0.3,64,32,16,8
14,10,0.6960784313725491,0.01,76,16,0.4,0.0,0.3,64,32,16,8
14,11,0.6666666666666667,0.00995996161818699,76,16,0.0,0.0,0.3,64,32,16,8
14,12,0.1348314606741573,0.01,67,64,0.3,0.2,0.2,64,32,16,8
14,13,0.712962962962963,0.005677918413839926,84,16,0.1,0.0,0.2,64,32,16,8
14,14,0.6923076923076924,0.01,90,16,0.2,0.3,0.3,64,32,16,8
14,15,0.7207207207207208,0.01,72,16,0.4,0.0,0.3,64,32,16,8
14,16,0.6451612903225807,0.01,84,32,0.3,0.2,0.0,64,32,16,8
14,17,0.71,0.005677918413839926,67,64,0.3,0.3,0.2,64,32,16,8
14,18,0.5401459854014599,0.01,67,32,0.4,0.3,0.1,64,32,16,8
14,19,0.7794871794871794,0.01,70,32,0.4,0.3,0.0,64,32,16,8
14,20,0.5751633986928105,0.01,76,32,0.1,0.0,0.2,64,32,16,8
15,1,0.706422018348624,0.00995996161818699,76,16,0.4,0.0,0.3,64,32,16,8
15,2,0.72,0.01,76,16,0.4,0.0,0.0,64,32,16,8
15,3,0.09411764705882353,0.006697902014915023,70,32,0.0,0.3,0.3,64,32,16,8
15,4,0.6390532544378698,0.01,70,32,0.4,0.3,0.0,64,32,16,8
15,5,0.6933333333333334,0.01,70,32,0.4,0.3,0.0,64,32,16,8
15,6,0.7330316742081447,0.005677918413839926,67,64,0.3,0.3,0.0,64,32,16,8
15,7,0.24489795918367346,0.01,67,32,0.4,0.2,0.2,64,32,16,8
15,8,0.5863874345549738,0.005677918413839926,84,16,0.1,0.1,0.2,64,32,16,8
15,9,0.7105263157894737,0.005213981690509149,76,16,0.4,0.0,0.3,64,32,16,8
15,10,0.6701570680628272,0.00995996161818699,67,16,0.2,0.3,0.0,64,32,16,8
15,11,0.655367231638418,0.01,90,16,0.4,0.0,0.0,64,32,16,8
15,12,0.6875,0.01,67,32,0.3,0.3,0.0,64,32,16,8
15,13,0.6483516483516484,0.005677918413839926,70,64,0.4,0.4,0.2,64,32,16,8
15,14,0.5207100591715976,0.01,76,16,0.4,0.0,0.3,64,32,16,8
15,15,0.3076923076923077,0.01,76,32,0.1,0.0,0.2,64,32,16,8
15,16,0.09302325581395349,0.01,76,16,0.4,0.0,0.3,64,32,16,8
15,17,0.7058823529411764,0.01,72,16,0.4,0.0,0.2,64,32,16,8
15,18,0.6439024390243901,0.005677918413839926,84,64,0.0,0.2,0.2,64,32,16,8
15,19,0.2521008403361344,0.006798786838508514,70,32,0.4,0.3,0.0,64,32,16,8
15,20,0.4895104895104895,0.01,70,32,0.4,0.3,0.3,64,32,16,8
16,1,0.5176470588235293,0.00995996161818699,76,16,0.4,0.0,0.3,64,32,16,8
16,2,0.6792452830188679,0.003804517928356596,70,16,0.4,0.4,0.2,64,32,16,8
16,3,0.6666666666666667,0.01,76,16,0.4,0.0,0.0,64,32,16,8
16,4,0.44155844155844154,0.005213981690509149,76,64,0.3,0.3,0.3,64,32,16,8
16,5,0.024096385542168672,0.005677918413839926,67,16,0.4,0.0,0.0,64,32,16,8
16,6,0.6276595744680851,0.00995996161818699,76,16,0.4,0.0,0.3,64,32,16,8
16,7,0.72,0.01,76,32,0.1,0.0,0.2,64,32,16,8
16,8,0.6666666666666666,0.005677918413839926,70,16,0.4,0.0,0.3,64,32,16,8
16,9,0.47945205479452047,0.00995996161818699,76,64,0.4,0.4,0.2,64,32,16,8
16,10,0.7022222222222224,0.01,67,32,0.4,0.3,0.0,64,32,16,8
16,11,0.6666666666666667,0.01,70,32,0.3,0.3,0.0,64,32,16,8
16,12,0.6756756756756757,0.005677918413839926,84,16,0.0,0.2,0.2,64,32,16,8
16,13,0.29166666666666663,0.005213981690509149,76,64,0.4,0.0,0.3,64,32,16,8
16,14,0.7083333333333333,0.01,76,16,0.4,0.0,0.3,64,32,16,8
16,15,0.6787330316742082,0.00995996161818699,80,16,0.4,0.0,0.3,64,32,16,8
16,16,0.5497076023391813,0.005677918413839926,67,16,0.4,0.0,0.0,64,32,16,8
16,17,0.6633663366336634,0.00995996161818699,76,64,0.3,0.2,0.3,64,32,16,8
16,18,0.7105263157894737,0.006467445237436612,76,16,0.4,0.0,0.3,64,32,16,8
16,19,0.22,0.005213981690509149,87,16,0.4,0.0,0.3,64,32,16,8
16,20,0.6568627450980392,0.01,67,16,0.4,0.0,0.0,64,32,16,8
17,1,0.6041666666666666,0.00995996161818699,76,16,0.4,0.0,0.3,64,32,16,8
17,2,0.4585987261146497,0.005677918413839926,84,16,0.0,0.0,0.2,64,32,16,8
17,3,0.7117117117117119,0.007517289748872624,67,16,0.4,0.2,0.0,64,32,16,8
17,4,0.5086705202312138,0.005677918413839926,84,16,0.0,0.2,0.2,64,32,16,8
17,5,0.6636363636363636,0.005677918413839926,70,32,0.4,0.0,0.3,64,32,16,8
17,6,0.813953488372093,0.006467445237436612,67,16,0.0,0.0,0.0,64,32,16,8
17,7,0.6310160427807487,0.01,76,32,0.4,0.3,0.3,64,32,16,8
17,8,0.53125,0.00995996161818699,70,32,0.3,0.3,0.3,64,32,16,8
17,9,0.6586826347305389,0.01,80,16,0.4,0.0,0.0,64,32,16,8
17,10,0.7549668874172185,0.01,57,16,0.3,0.0,0.3,64,32,16,8
17,11,0.4383561643835616,0.005677918413839926,70,16,0.4,0.3,0.3,64,32,16,8
17,12,0.7000000000000001,0.01,67,32,0.4,0.3,0.0,64,32,16,8
17,13,0.7888888888888889,0.00995996161818699,76,64,0.3,0.2,0.3,64,32,16,8
17,14,0.7870967741935484,0.006467445237436612,76,16,0.4,0.0,0.3,64,32,16,8
17,15,0.38095238095238093,0.01,76,16,0.4,0.0,0.3,64,32,16,8
17,16,0.6496815286624203,0.00995996161818699,65,16,0.4,0.0,0.3,64,32,16,8
17,17,0.6863905325443787,0.01,76,16,0.4,0.0,0.3,64,32,16,8
17,18,0.7575757575757577,0.01,76,16,0.4,0.0,0.3,64,32,16,8
17,19,0.6909090909090909,0.00995996161818699,89,16,0.4,0.0,0.0,64,32,16,8
17,20,0.5466666666666666,0.01,76,32,0.1,0.0,0.2,64,32,16,8
18,1,0.7647058823529412,0.00995996161818699,76,16,0.4,0.0,0.3,64,32,16,8
18,2,0.6728971962616822,0.01,67,32,0.4,0.0,0.0,64,32,16,8
18,3,0.024390243902439022,0.005310935359469797,67,16,0.3,0.3,0.0,64,32,16,8
18,4,0.35064935064935066,0.01,67,16,0.2,0.0,0.3,64,32,16,8
18,5,0.6927374301675978,0.006467445237436612,76,16,0.4,0.0,0.0,64,32,16,8
18,6,0.7582417582417583,0.01,76,16,0.4,0.0,0.3,64,32,16,8
18,7,0.5986394557823128,0.01,76,16,0.4,0.0,0.3,64,32,16,8
18,8,0.7142857142857143,0.01,76,16,0.4,0.0,0.3,64,32,16,8
18,9,0.3283582089552239,0.006467445237436612,76,16,0.4,0.0,0.3,64,32,16,8
18,10,0.735632183908046,0.00995996161818699,76,64,0.3,0.2,0.3,64,32,16,8
18,11,0.6700507614213198,0.006467445237436612,67,16,0.0,0.0,0.0,64,32,16,8
18,12,0.6697674418604651,0.01,67,32,0.4,0.2,0.3,64,32,16,8
18,13,0.6862745098039215,0.007892538192076616,76,64,0.3,0.3,0.0,64,32,16,8
18,14,0.31034482758620685,0.004868594016493276,67,64,0.3,0.2,0.3,64,32,16,8
18,15,0.5063291139240506,0.007517289748872624,76,16,0.4,0.3,0.4,64,32,16,8
18,16,0.6540880503144653,0.00995996161818699,90,16,0.4,0.0,0.3,64,32,16,8
18,17,0.2777777777777778,0.01,76,16,0.4,0.0,0.0,64,32,16,8
18,18,0.6792452830188679,0.01,76,16,0.4,0.0,0.3,64,32,16,8
18,19,0.5762711864406779,0.01,76,16,0.4,0.0,0.3,64,32,16,8
18,20,0.6842105263157895,0.007517289748872624,57,16,0.4,0.0,0.0,64,32,16,8
19,1,0.6666666666666667,0.00995996161818699,76,16,0.4,0.0,0.3,64,32,16,8
19,2,0.6951871657754011,0.00995996161818699,76,16,0.4,0.0,0.1,64,32,16,8
19,3,0.42105263157894735,0.00995996161818699,76,64,0.1,0.2,0.3,64,32,16,8
19,4,0.7117117117117119,0.00995996161818699,76,16,0.4,0.0,0.3,64,32,16,8
19,5,0.8152866242038217,0.01,76,16,0.4,0.0,0.3,64,32,16,8
19,6,0.7234042553191489,0.006467445237436612,76,64,0.3,0.0,0.3,64,32,16,8
19,7,0.2342342342342342,0.00995996161818699,76,16,0.4,0.2,0.0,64,32,16,8
19,8,0.5751633986928105,0.006467445237436612,76,64,0.3,0.0,0.3,64,32,16,8
19,9,0.7567567567567568,0.00995996161818699,76,16,0.4,0.0,0.0,64,32,16,8
19,10,0.5,0.01,76,16,0.4,0.0,0.3,64,32,16,8
19,11,0.4533333333333333,0.01,84,16,0.4,0.0,0.3,64,32,16,8
19,12,0.32432432432432434,0.01,67,16,0.4,0.0,0.3,64,32,16,8
19,13,0.53551912568306,0.01,77,32,0.4,0.0,0.4,64,32,16,8
19,14,0.6666666666666667,0.006467445237436612,83,16,0.4,0.0,0.0,64,32,16,8
19,15,0.5657894736842106,0.01,76,16,0.4,0.0,0.3,64,32,16,8
19,16,0.3157894736842105,0.009961834565023787,76,16,0.4,0.0,0.3,64,32,16,8
19,17,0.6948356807511735,0.006467445237436612,76,16,0.4,0.4,0.0,64,32,16,8
19,18,0.25,0.01,76,16,0.4,0.0,0.3,64,32,16,8
19,19,0.75,0.01,76,32,0.4,0.0,0.3,64,32,16,8
19,20,0.044444444444444446,0.01,76,64,0.3,0.2,0.3,64,32,16,8
20,1,0.5795454545454546,0.00995996161818699,76,16,0.4,0.0,0.3,64,32,16,8
20,2,0.26262626262626265,0.0030027800257618367,76,64,0.3,0.0,0.3,64,32,16,8
20,3,0.6709677419354838,0.006467445237436612,76,64,0.3,0.1,0.3,64,32,16,8
20,4,0.7549019607843136,0.006467445237436612,76,16,0.4,0.0,0.0,64,32,16,8
20,5,0.6971428571428572,0.00995996161818699,76,16,0.4,0.4,0.0,64,32,16,8
20,6,0.5771812080536912,0.01,76,32,0.4,0.0,0.3,64,32,16,8
20,7,0.6538461538461539,0.00995996161818699,74,16,0.4,0.0,0.3,64,32,16,8
20,8,0.7272727272727273,0.006467445237436612,76,16,0.4,0.0,0.3,64,32,16,8
20,9,0.40776699029126207,0.00995996161818699,76,64,0.3,0.0,0.3,64,32,16,8
20,10,0.7853403141361256,0.01,76,16,0.4,0.0,0.3,64,32,16,8
20,11,0.7474747474747473,0.00995996161818699,84,16,0.4,0.0,0.3,64,32,16,8
20,12,0.6629834254143647,0.01,84,64,0.4,0.0,0.3,64,32,16,8
20,13,0.6666666666666667,0.006467445237436612,76,16,0.3,0.0,0.3,64,32,16,8
20,14,0.46052631578947373,0.009610236013093973,76,16,0.4,0.0,0.3,64,32,16,8
20,15,0.6770833333333334,0.00995996161818699,76,16,0.4,0.0,0.3,64,32,16,8
20,16,0.6886792452830189,0.01,76,32,0.4,0.0,0.3,64,32,16,8
20,17,0.4624277456647399,0.01,76,16,0.3,0.0,0.3,64,32,16,8
20,18,0.6774193548387097,0.00995996161818699,76,16,0.4,0.0,0.1,64,32,16,8
20,19,0.761904761904762,0.00995996161818699,76,16,0.4,0.0,0.3,64,32,16,8
20,20,0.024390243902439022,0.01,78,16,0.4,0.0,0.3,64,32,16,8
21,1,0.7250000000000001,0.00995996161818699,76,16,0.4,0.0,0.3,64,32,16,8
21,2,0.7307692307692308,0.00995996161818699,76,16,0.4,0.0,0.0,64,32,16,8
21,3,0.7252747252747253,0.00995996161818699,76,16,0.4,0.4,0.1,64,32,16,8
21,4,0.6770833333333334,0.00995996161818699,76,16,0.4,0.0,0.3,64,32,16,8
21,5,0.7476635514018691,0.006467445237436612,76,16,0.4,0.3,0.3,64,32,16,8
21,6,0.7486631016042781,0.00995996161818699,84,16,0.4,0.0,0.3,64,32,16,8
21,7,0.7320261437908497,0.01,76,16,0.4,0.3,0.4,64,32,16,8
21,8,0.6432748538011697,0.005325277549792905,76,16,0.4,0.0,0.3,64,32,16,8
21,9,0.6012269938650306,0.00995996161818699,76,16,0.4,0.0,0.3,64,32,16,8
21,10,0.7105263157894737,0.01,76,32,0.4,0.0,0.3,64,32,16,8
21,11,0.6276595744680851,0.00995996161818699,76,16,0.3,0.0,0.3,64,32,16,8
21,12,0.7441860465116278,0.006467445237436612,76,16,0.4,0.0,0.0,64,32,16,8
21,13,0.6854460093896714,0.00995996161818699,64,16,0.4,0.0,0.1,64,32,16,8
21,14,0.7052023121387283,0.00995996161818699,74,16,0.4,0.0,0.3,64,32,16,8
21,15,0.4533333333333333,0.006467445237436612,76,64,0.3,0.1,0.3,64,32,16,8
21,16,0.6666666666666667,0.006467445237436612,90,16,0.4,0.1,0.3,64,32,16,8
21,17,0.6604651162790698,0.01,76,16,0.4,0.0,0.0,64,32,16,8
21,18,0.08695652173913042,0.00995996161818699,76,16,0.4,0.0,0.0,64,32,16,8
21,19,0.5685279187817259,0.006467445237436612,76,16,0.3,0.0,0.3,64,32,16,8
21,20,0.5842696629213482,0.01,76,16,0.4,0.1,0.3,64,32,16,8
22,1,0.6092715231788078,0.00995996161818699,76,16,0.4,0.0,0.3,64,32,16,8
22,2,0.6461538461538462,0.00995996161818699,84,16,0.4,0.0,0.3,64,32,16,8
22,3,0.31666666666666665,0.01,76,32,0.2,0.0,0.4,64,32,16,8
22,4,0.7336683417085426,0.00995996161818699,76,16,0.1,0.0,0.3,64,32,16,8
22,5,0.36734693877551017,0.00995996161818699,84,16,0.4,0.0,0.3,64,32,16,8
22,6,0.7488151658767772,0.00995996161818699,84,16,0.4,0.3,0.3,64,32,16,8
22,7,0.7239819004524887,0.0038612959271377588,76,16,0.4,0.0,0.3,64,32,16,8
22,8,0.7263681592039799,0.00995996161818699,76,16,0.4,0.0,0.3,64,32,16,8
22,9,0.7079646017699115,0.01,64,16,0.4,0.3,0.4,64,32,16,8
22,10,0.5401459854014599,0.004221265241994737,84,16,0.4,0.0,0.0,64,32,16,8
22,11,0.7488151658767772,0.00995996161818699,76,16,0.4,0.0,0.3,64,32,16,8
22,12,0.650887573964497,0.00995996161818699,76,16,0.4,0.4,0.1,64,32,16,8
22,13,0.7272727272727271,0.00995996161818699,76,16,0.4,0.0,0.1,64,32,16,8
22,14,0.7777777777777777,0.00995996161818699,84,16,0.4,0.3,0.3,64,32,16,8
22,15,0.7222222222222222,0.00995996161818699,76,16,0.4,0.0,0.3,64,32,16,8
22,16,0.2878787878787879,0.00995996161818699,76,16,0.4,0.0,0.2,64,32,16,8
22,17,0.7875647668393783,0.00995996161818699,76,16,0.4,0.0,0.3,64,32,16,8
22,18,0.631578947368421,0.01,84,32,0.4,0.0,0.3,64,32,16,8
22,19,0.6758620689655173,0.006467445237436612,76,16,0.4,0.0,0.0,64,32,16,8
22,20,0.7162790697674418,0.006467445237436612,76,16,0.4,0.0,0.0,64,32,16,8
23,1,0.7300000000000001,0.00995996161818699,76,16,0.4,0.0,0.3,64,32,16,8
23,2,0.6534653465346534,0.01,76,16,0.4,0.0,0.3,64,32,16,8
23,3,0.6905829596412557,0.00995996161818699,76,16,0.1,0.0,0.3,64,32,16,8
23,4,0.7246376811594204,0.00995996161818699,84,16,0.4,0.0,0.3,64,32,16,8
23,5,0.6357615894039735,0.01,84,32,0.4,0.3,0.3,64,32,16,8
23,6,0.2641509433962264,0.00995996161818699,76,16,0.4,0.4,0.1,64,32,16,8
23,7,0.7448979591836735,0.00995996161818699,84,16,0.4,0.3,0.3,64,32,16,8
23,8,0.319327731092437,0.00995996161818699,76,16,0.4,0.0,0.1,64,32,16,8
23,9,0.4651162790697674,0.01,76,64,0.4,0.0,0.0,64,32,16,8
23,10,0.7109004739336493,0.00995996161818699,76,16,0.4,0.0,0.3,64,32,16,8
23,11,0.768472906403941,0.00995996161818699,76,16,0.3,0.0,0.3,64,32,16,8
23,12,0.6851851851851851,0.00995996161818699,84,16,0.4,0.3,0.3,64,32,16,8
23,13,0.588235294117647,0.00995996161818699,84,16,0.2,0.3,0.3,64,32,16,8
23,14,0.5637583892617448,0.00995996161818699,76,16,0.4,0.0,0.3,64,32,16,8
23,15,0.7105263157894737,0.0038612959271377588,84,16,0.4,0.3,0.2,64,32,16,8
23,16,0.6382978723404256,0.00995996161818699,76,32,0.4,0.0,0.3,64,32,16,8
23,17,0.7150837988826816,0.00995996161818699,84,16,0.1,0.3,0.3,64,32,16,8
23,18,0.6,0.01,64,16,0.4,0.3,0.4,64,32,16,8
23,19,0.022988505747126436,0.00995996161818699,76,16,0.1,0.0,0.3,64,32,16,8
23,20,0.7710843373493975,0.00995996161818699,76,32,0.4,0.0,0.3,64,32,16,8
24,1,0.701923076923077,0.00995996161818699,76,16,0.4,0.0,0.3,64,32,16,8
24,2,0.7578947368421053,0.01,76,32,0.2,0.0,0.3,64,32,16,8
24,3,0.6666666666666666,0.00995996161818699,84,16,0.4,0.3,0.3,64,32,16,8
24,4,0.40336134453781514,0.00995996161818699,76,32,0.1,0.0,0.3,64,32,16,8
24,5,0.53125,0.00995996161818699,76,16,0.4,0.0,0.3,64,32,16,8
24,6,0.676056338028169,0.00995996161818699,84,16,0.1,0.3,0.3,64,32,16,8
24,7,0.6836734693877551,0.00995996161818699,84,16,0.3,0.3,0.3,64,32,16,8
24,8,0.6666666666666667,0.00995996161818699,84,16,0.4,0.3,0.3,64,32,16,8
24,9,0.611111111111111,0.00995996161818699,76,16,0.1,0.0,0.3,64,32,16,8
24,10,0.688888888888889,0.00995996161818699,84,16,0.4,0.0,0.3,64,32,16,8
24,11,0.5308641975308642,0.00995996161818699,76,32,0.1,0.0,0.3,64,32,16,8
24,12,0.7500000000000001,0.00995996161818699,76,32,0.4,0.0,0.1,64,32,16,8
24,13,0.7027027027027027,0.00995996161818699,76,16,0.4,0.0,0.3,64,32,16,8
24,14,0.5373134328358209,0.00995996161818699,62,16,0.4,0.0,0.3,64,32,16,8
24,15,0.5542168674698795,0.00995996161818699,84,32,0.4,0.0,0.3,64,32,16,8
24,16,0.1590909090909091,0.007301947722873685,76,32,0.3,0.0,0.3,64,32,16,8
24,17,0.5109489051094891,0.00995996161818699,76,16,0.4,0.0,0.3,64,32,16,8
24,18,0.7215189873417721,0.00995996161818699,84,16,0.3,0.0,0.3,64,32,16,8
24,19,0.6766917293233082,0.00995996161818699,76,16,0.4,0.0,0.3,64,32,16,8
24,20,0.6214689265536723,0.01,84,16,0.1,0.3,0.3,64,32,16,8
25,1,0.7745098039215687,0.00995996161818699,76,16,0.4,0.0,0.3,64,32,16,8
25,2,0.4186046511627907,0.00995996161818699,76,32,0.4,0.0,0.3,64,32,16,8
25,3,0.6203208556149732,0.01,76,32,0.2,0.0,0.1,64,32,16,8
25,4,0.6551724137931035,0.01,76,16,0.2,0.0,0.1,64,32,16,8
25,5,0.5599999999999999,0.00995996161818699,76,32,0.4,0.0,0.3,64,32,16,8
25,6,0.6666666666666666,0.00995996161818699,76,64,0.1,0.0,0.3,64,32,16,8
25,7,0.7096774193548387,0.00995996161818699,84,16,0.4,0.3,0.3,64,32,16,8
25,8,0.5945945945945946,0.00995996161818699,76,32,0.2,0.0,0.1,64,32,16,8
25,9,0.7559808612440192,0.01,76,32,0.4,0.0,0.1,64,32,16,8
25,10,0.5759162303664922,0.01,76,16,0.2,0.0,0.3,64,32,16,8
25,11,0.6666666666666666,0.00995996161818699,76,16,0.4,0.0,0.1,64,32,16,8
25,12,0.6071428571428571,0.00995996161818699,84,16,0.4,0.3,0.3,64,32,16,8
25,13,0.6625,0.01,84,16,0.1,0.3,0.3,64,32,16,8
25,14,0.42519685039370075,0.00995996161818699,76,16,0.1,0.0,0.3,64,32,16,8
25,15,0.6344827586206897,0.00995996161818699,76,32,0.4,0.0,0.1,64,32,16,8
25,16,0.45517241379310336,0.00995996161818699,76,16,0.4,0.0,0.3,64,32,16,8
25,17,0.5276073619631901,0.00995996161818699,84,16,0.3,0.3,0.3,64,32,16,8
25,18,0.5578231292517007,0.00995996161818699,76,16,0.2,0.0,0.3,64,32,16,8
25,19,0.8045977011494253,0.00995996161818699,76,16,0.4,0.1,0.3,64,32,16,8
25,20,0.3442622950819672,0.00995996161818699,84,16,0.4,0.3,0.3,64,32,16,8
26,1,0.5810810810810811,0.00995996161818699,76,16,0.4,0.0,0.3,64,32,16,8
26,2,0.7126436781609194,0.00995996161818699,76,32,0.2,0.3,0.1,64,32,16,8
26,3,0.45714285714285713,0.00995996161818699,84,16,0.4,0.0,0.3,64,32,16,8
26,4,0.759776536312849,0.01,76,32,0.4,0.0,0.0,64,32,16,8
26,5,0.6623376623376623,0.01,76,16,0.2,0.0,0.3,64,32,16,8
26,6,0.5970149253731343,0.00995996161818699,76,16,0.4,0.0,0.1,64,32,16,8
26,7,0.7577639751552795,0.00995996161818699,76,16,0.4,0.1,0.3,64,32,16,8
26,8,0.7692307692307692,0.01,76,16,0.2,0.0,0.1,64,32,16,8
26,9,0.7214611872146118,0.00995996161818699,84,32,0.4,0.3,0.3,64,32,16,8
26,10,0.7425742574257427,0.01,76,32,0.4,0.0,0.1,64,32,16,8
26,11,0.6751592356687897,0.00995996161818699,76,32,0.2,0.3,0.3,64,32,16,8
26,12,0.7425742574257427,0.00995996161818699,76,32,0.3,0.0,0.3,64,32,16,8
26,13,0.7011494252873562,0.01,76,64,0.2,0.0,0.1,64,32,16,8
26,14,0.6952380952380952,0.01,90,16,0.2,0.1,0.1,64,32,16,8
26,15,0.4520547945205479,0.01,76,32,0.3,0.3,0.3,64,32,16,8
26,16,0.7500000000000001,0.00995996161818699,76,16,0.4,0.1,0.3,64,32,16,8
26,17,0.7168141592920354,0.00995996161818699,76,64,0.4,0.0,0.3,64,32,16,8
26,18,0.5894736842105263,0.00995996161818699,76,32,0.4,0.0,0.1,64,32,16,8
26,19,0.6933333333333334,0.00995996161818699,76,16,0.4,0.0,0.3,64,32,16,8
26,20,0.7411764705882353,0.00995996161818699,76,64,0.4,0.3,0.3,64,32,16,8
27,1,0.4999999999999999,0.00995996161818699,76,16,0.4,0.0,0.3,64,32,16,8
27,2,0.6572769953051644,0.01,76,32,0.4,0.0,0.0,64,32,16,8
27,3,0.2752293577981651,0.00995996161818699,76,32,0.2,0.3,0.1,64,32,16,8
27,4,0.7532467532467533,0.008141519177124528,76,32,0.4,0.0,0.1,64,32,16,8
27,5,0.8023952095808382,0.01,76,32,0.4,0.0,0.0,64,32,16,8
27,6,0.14893617021276595,0.00995996161818699,76,16,0.2,0.0,0.3,64,32,16,8
27,7,0.7675675675675676,0.01,76,32,0.3,0.0,0.3,64,32,16,8
27,8,0.4918032786885245,0.0076278599760107235,76,32,0.3,0.0,0.3,64,32,16,8
27,9,0.8,0.01,76,64,0.4,0.4,0.3,64,32,16,8
27,10,0.7784431137724551,0.01,76,16,0.2,0.0,0.1,64,32,16,8
27,11,0.4915254237288136,0.01,71,32,0.4,0.0,0.0,64,32,16,8
27,12,0.7374301675977653,0.01,76,32,0.2,0.0,0.1,64,32,16,8
27,13,0.7333333333333333,0.01,76,16,0.4,0.0,0.1,64,32,16,8
27,14,0.6956521739130435,0.00995996161818699,76,16,0.4,0.1,0.3,64,32,16,8
27,15,0.0898876404494382,0.00995996161818699,76,64,0.4,0.1,0.3,64,32,16,8
27,16,0.6923076923076923,0.00995996161818699,76,32,0.4,0.1,0.3,64,32,16,8
27,17,0.5217391304347826,0.00995996161818699,76,16,0.4,0.3,0.1,64,32,16,8
27,18,0.7031963470319634,0.01,76,64,0.2,0.0,0.1,64,32,16,8
27,19,0.6255924170616113,0.01,76,32,0.2,0.3,0.1,64,32,16,8
27,20,0.3333333333333333,0.01,76,64,0.2,0.0,0.3,64,32,16,8
28,1,0.39316239316239315,0.00995996161818699,76,16,0.4,0.0,0.3,64,32,16,8
28,2,0.7000000000000001,0.01,76,64,0.4,0.4,0.3,64,32,16,8
28,3,0.6906474820143885,0.01,76,32,0.3,0.4,0.3,64,32,16,8
28,4,0.7000000000000001,0.01,76,32,0.4,0.0,0.0,64,32,16,8
28,5,0.676056338028169,0.01,90,64,0.2,0.0,0.1,64,32,16,8
28,6,0.7523809523809523,0.01,76,16,0.2,0.0,0.3,64,32,16,8
28,7,0.4246575342465753,0.01,76,32,0.3,0.0,0.1,64,32,16,8
28,8,0.7004608294930875,0.00995996161818699,76,16,0.4,0.1,0.3,64,32,16,8
28,9,0.41726618705035967,0.00995996161818699,76,32,0.4,0.1,0.0,64,32,16,8
28,10,0.7384615384615385,0.01,76,16,0.4,0.4,0.1,64,32,16,8
28,11,0.0,0.01,65,64,0.2,0.0,0.3,64,32,16,8
28,12,0.5820895522388059,0.01,76,64,0.1,0.3,0.3,64,32,16,8
28,13,0.5,0.01,76,64,0.4,0.4,0.3,64,32,16,8
28,14,0.7757575757575756,0.01,76,32,0.3,0.0,0.4,64,32,16,8
28,15,0.6041666666666666,0.00995996161818699,76,16,0.4,0.0,0.3,64,32,16,8
28,16,0.5555555555555556,0.01,76,32,0.4,0.0,0.1,64,32,16,8
28,17,0.71,0.01,76,16,0.4,0.0,0.0,64,32,16,8
28,18,0.5084745762711864,0.01,76,32,0.4,0.0,0.1,64,32,16,8
28,19,0.7179487179487181,0.008141519177124528,76,64,0.4,0.0,0.0,64,32,16,8
28,20,0.31034482758620685,0.01,76,32,0.3,0.0,0.3,64,32,16,8
29,1,0.4691358024691358,0.00995996161818699,76,16,0.4,0.0,0.3,64,32,16,8
29,2,0.6,0.01,76,16,0.2,0.0,0.3,64,32,16,8
29,3,0.7252747252747253,0.01,76,64,0.4,0.4,0.3,64,32,16,8
29,4,0.7393939393939394,0.01,76,16,0.4,0.4,0.1,64,32,16,8
29,5,0.36036036036036034,0.00561513544981885,76,16,0.4,0.1,0.3,64,32,16,8
29,6,0.43283582089552236,0.01,76,32,0.3,0.0,0.4,64,32,16,8
29,7,0.6545454545454545,0.008141519177124528,76,64,0.4,0.0,0.0,64,32,16,8
29,8,0.6878306878306879,0.01,76,16,0.2,0.0,0.3,64,32,16,8
29,9,0.7320261437908497,0.01,76,16,0.4,0.0,0.0,64,32,16,8
29,10,0.43103448275862066,0.01,87,16,0.4,0.2,0.3,64,32,16,8
29,11,0.7486033519553073,0.004991162836296053,67,16,0.4,0.1,0.1,64,32,16,8
29,12,0.40707964601769914,0.01,76,64,0.2,0.0,0.1,64,32,16,8
29,13,0.7047619047619048,0.01,90,32,0.4,0.1,0.1,64,32,16,8
29,14,0.7150259067357513,0.01,76,32,0.0,0.0,0.4,64,32,16,8
29,15,0.32758620689655166,0.00995996161818699,76,16,0.3,0.0,0.3,64,32,16,8
29,16,0.5591397849462365,0.01,90,32,0.4,0.4,0.3,64,32,16,8
29,17,0.6631016042780749,0.01,76,32,0.3,0.4,0.3,64,32,16,8
29,18,0.7191011235955057,0.01,76,32,0.3,0.0,0.0,64,32,16,8
29,19,0.7333333333333333,0.01,76,32,0.4,0.0,0.4,64,32,16,8
29,20,0.8111111111111111,0.01,89,16,0.4,0.4,0.1,64,32,16,8
30,1,0.7575757575757577,0.00995996161818699,76,16,0.4,0.0,0.3,64,32,16,8
30,2,0.7536231884057971,0.01,76,16,0.4,0.4,0.1,64,32,16,8
30,3,0.7352941176470589,0.01,76,64,0.4,0.4,0.1,64,32,16,8
30,4,0.7281553398058253,0.01,76,16,0.4,0.0,0.1,64,32,16,8
30,5,0.7835051546391752,0.01,76,32,0.0,0.3,0.4,64,32,16,8
30,6,0.751219512195122,0.01,76,64,0.4,0.4,0.1,64,32,16,8
30,7,0.6162162162162163,0.01,89,16,0.4,0.4,0.3,64,32,16,8
30,8,0.23333333333333334,0.004991162836296053,90,16,0.4,0.2,0.1,64,32,16,8
30,9,0.7209302325581395,0.01,67,32,0.4,0.1,0.1,64,32,16,8
30,10,0.4067796610169491,0.004991162836296053,63,16,0.4,0.1,0.1,64,32,16,8
30,11,0.024390243902439022,0.004991162836296053,67,16,0.4,0.1,0.1,64,32,16,8
30,12,0.5,0.004991162836296053,76,32,0.3,0.1,0.1,64,32,16,8
30,13,0.6,0.01,67,16,0.4,0.0,0.4,64,32,16,8
30,14,0.6785714285714286,0.01,76,32,0.3,0.0,0.3,64,32,16,8
30,15,0.6333333333333334,0.01,76,32,0.4,0.2,0.4,64,32,16,8
30,16,0.743718592964824,0.01,76,16,0.4,0.0,0.0,64,32,16,8
30,17,0.2857142857142857,0.01,76,16,0.3,0.0,0.0,64,32,16,8
30,18,0.38095238095238093,0.01,76,16,0.4,0.0,0.0,64,32,16,8
30,19,0.42519685039370075,0.01,76,32,0.0,0.3,0.4,64,32,16,8
30,20,0.6142857142857143,0.01,76,32,0.4,0.0,0.4,64,32,16,8
31,1,0.37037037037037035,0.00995996161818699,76,16,0.4,0.0,0.3,64,32,16,8
31,2,0.647887323943662,0.01,63,32,0.0,0.3,0.4,64,32,16,8
31,3,0.8068181818181818,0.00995996161818699,76,16,0.4,0.0,0.3,64,32,16,8
31,4,0.5692307692307692,0.01,61,16,0.4,0.4,0.1,64,32,16,8
31,5,0.45045045045045046,0.01,79,16,0.1,0.0,0.4,64,32,16,8
31,6,0.6424870466321243,0.01,76,16,0.4,0.0,0.0,64,32,16,8
31,7,0.04301075268817204,0.01,76,16,0.4,0.0,0.0,64,32,16,8
31,8,0.7053571428571428,0.00995996161818699,76,16,0.4,0.0,0.0,64,32,16,8
31,9,0.7168141592920354,0.01,76,16,0.4,0.0,0.3,64,32,16,8
31,10,0.5217391304347826,0.01,76,32,0.0,0.3,0.4,64,32,16,8
31,11,0.6883116883116883,0.01,76,16,0.4,0.0,0.0,64,32,16,8
31,12,0.41025641025641024,0.00995996161818699,76,32,0.4,0.0,0.3,64,32,16,8
31,13,0.5365853658536585,0.01,67,32,0.4,0.1,0.1,64,32,16,8
31,14,0.39097744360902253,0.01,76,64,0.4,0.4,0.1,64,32,16,8
31,15,0.6292134831460674,0.01,76,64,0.4,0.4,0.1,64,32,16,8
31,16,0.7263157894736842,0.01,76,32,0.0,0.3,0.4,64,32,16,8
31,17,0.7425149700598802,0.01,76,32,0.0,0.3,0.4,64,32,16,8
31,18,0.7136563876651982,0.01,76,16,0.4,0.4,0.1,64,32,16,8
31,19,0.4233576642335767,0.01,76,64,0.4,0.4,0.1,64,32,16,8
31,20,0.4774193548387096,0.01,76,32,0.4,0.3,0.1,64,32,16,8
32,1,0.5369127516778524,0.00995996161818699,76,16,0.4,0.0,0.3,64,32,16,8
32,2,0.0,0.00995996161818699,67,32,0.4,0.0,0.3,64,32,16,8
32,3,0.31999999999999995,0.01,76,16,0.4,0.1,0.0,64,32,16,8
32,4,0.5974025974025974,0.01,87,16,0.4,0.0,0.4,64,32,16,8
32,5,0.7241379310344828,0.01,76,32,0.0,0.3,0.0,64,32,16,8
32,6,0.7230046948356809,0.01,63,64,0.4,0.3,0.4,64,32,16,8
32,7,0.6051282051282051,0.01,76,16,0.0,0.4,0.1,64,32,16,8
32,8,0.5390070921985817,0.00995996161818699,76,32,0.2,0.0,0.0,64,32,16,8
32,9,0.7734806629834253,0.01,76,16,0.4,0.3,0.4,64,32,16,8
32,10,0.7407407407407407,0.01,76,32,0.0,0.3,0.4,64,32,16,8
32,11,0.6074074074074075,0.01,76,16,0.4,0.2,0.0,64,32,16,8
32,12,0.6712328767123288,0.01,76,16,0.4,0.0,0.3,64,32,16,8
32,13,0.7845303867403315,0.01,61,32,0.4,0.4,0.1,64,32,16,8
32,14,0.7604166666666667,0.01,63,32,0.0,0.3,0.0,64,32,16,8
32,15,0.7113402061855669,0.01,76,16,0.4,0.0,0.4,64,32,16,8
32,16,0.7872340425531914,0.01,79,64,0.0,0.0,0.3,64,32,16,8
32,17,0.770949720670391,0.01,76,32,0.4,0.3,0.4,64,32,16,8
32,18,0.6142857142857143,0.01,76,32,0.4,0.4,0.1,64,32,16,8
32,19,0.7239819004524887,0.01,76,16,0.4,0.3,0.1,64,32,16,8
32,20,0.7638190954773869,0.01,76,16,0.0,0.3,0.1,64,32,16,8
33,1,0.33628318584070793,0.00995996161818699,76,16,0.4,0.0,0.3,64,32,16,8
33,2,0.8491620111731844,0.01,79,64,0.0,0.3,0.3,64,32,16,8
33,3,0.7113402061855669,0.01,63,64,0.0,0.0,0.3,64,32,16,8
33,4,0.7105263157894737,0.005739570465593976,79,16,0.4,0.3,0.4,64,32,16,8
33,5,0.7105263157894737,0.01,76,64,0.0,0.0,0.3,64,32,16,8
33,6,0.7136563876651982,0.01,76,16,0.4,0.3,0.1,64,32,16,8
33,7,0.14678899082568808,0.01,76,32,0.0,0.3,0.4,64,32,16,8
33,8,0.6375,0.01,79,64,0.0,0.0,0.3,64,32,16,8
33,9,0.5538461538461538,0.01,76,16,0.0,0.3,0.1,64,32,16,8
33,10,0.023529411764705882,0.01,76,32,0.4,0.3,0.0,64,32,16,8
33,11,0.6250000000000001,0.01,76,32,0.0,0.3,0.4,64,32,16,8
33,12,0.4444444444444444,0.008776127271612382,76,16,0.4,0.3,0.4,64,32,16,8
33,13,0.7136563876651982,0.01,76,64,0.4,0.0,0.4,64,32,16,8
33,14,0.6666666666666666,0.01,76,32,0.4,0.3,0.4,64,32,16,8
33,15,0.7407407407407406,0.01,68,32,0.4,0.3,0.4,64,32,16,8
33,16,0.6701570680628272,0.01,76,32,0.4,0.3,0.4,64,32,16,8
33,17,0.5029940119760479,0.01,76,32,0.4,0.4,0.1,64,32,16,8
33,18,0.4578313253012048,0.01,61,32,0.4,0.0,0.1,64,32,16,8
33,19,0.5666666666666667,0.01,76,16,0.4,0.4,0.4,64,32,16,8
33,20,0.6567164179104479,0.01,52,32,0.0,0.4,0.0,64,32,16,8
34,1,0.6363636363636364,0.01,79,64,0.0,0.3,0.3,64,32,16,8
34,2,0.7181818181818183,0.01,76,32,0.0,0.0,0.4,64,32,16,8
34,3,0.5274725274725275,0.01,68,64,0.4,0.3,0.3,64,32,16,8
34,4,0.7207207207207208,0.005739570465593976,79,16,0.4,0.0,0.4,64,32,16,8
34,5,0.6388888888888888,0.01,63,64,0.0,0.3,0.3,64,32,16,8
34,6,0.42038216560509556,0.01,76,64,0.0,0.0,0.3,64,32,16,8
34,7,0.7085201793721974,0.01,68,32,0.4,0.3,0.4,64,32,16,8
34,8,0.641304347826087,0.01,88,64,0.4,0.0,0.4,64,32,16,8
34,9,0.5668449197860963,0.01,76,64,0.0,0.0,0.3,64,32,16,8
34,10,0.7127659574468085,0.01,76,64,0.4,0.3,0.3,64,32,16,8
34,11,0.6853932584269663,0.01,79,32,0.0,0.3,0.4,64,32,16,8
34,12,0.3692307692307692,0.01,79,32,0.4,0.3,0.4,64,32,16,8
34,13,0.7105263157894737,0.005739570465593976,68,16,0.4,0.3,0.4,64,32,16,8
34,14,0.6701570680628272,0.01,68,32,0.4,0.2,0.4,64,32,16,8
34,15,0.6881720430107527,0.01,76,16,0.4,0.3,0.1,64,32,16,8
34,16,0.5068493150684931,0.01,63,64,0.0,0.3,0.3,64,32,16,8
34,17,0.5692307692307692,0.01,79,64,0.0,0.0,0.3,64,32,16,8
34,18,0.6292134831460674,0.01,63,64,0.4,0.1,0.1,64,32,16,8
34,19,0.6987951807228916,0.01,61,16,0.0,0.3,0.3,64,32,16,8
34,20,0.6995515695067265,0.01,63,64,0.1,0.0,0.3,64,32,16,8
35,1,0.7218934911242604,0.01,79,64,0.0,0.3,0.3,64,32,16,8
35,2,0.7727272727272727,0.01,81,16,0.0,0.0,0.3,64,32,16,8
35,3,0.44274809160305345,0.01,76,32,0.4,0.3,0.4,64,32,16,8
35,4,0.7373271889400922,0.01,63,16,0.1,0.0,0.3,64,32,16,8
35,5,0.3389830508474576,0.01,76,64,0.4,0.2,0.1,64,32,16,8
35,6,0.7219512195121951,0.01,81,32,0.4,0.3,0.4,64,32,16,8
35,7,0.12631578947368421,0.01,76,32,0.0,0.0,0.4,64,32,16,8
35,8,0.7105263157894737,0.005739570465593976,68,16,0.4,0.3,0.4,64,32,16,8
35,9,0.7168141592920354,0.01,68,32,0.4,0.3,0.4,64,32,16,8
35,10,0.35398230088495575,0.01,68,32,0.0,0.0,0.4,64,32,16,8
35,11,0.7386363636363638,0.01,76,32,0.4,0.2,0.4,64,32,16,8
35,12,0.5298013245033113,0.01,63,64,0.1,0.0,0.3,64,32,16,8
35,13,0.6892655367231637,0.01,76,64,0.4,0.3,0.3,64,32,16,8
35,14,0.5028571428571429,0.005739570465593976,76,16,0.4,0.0,0.4,64,32,16,8
35,15,0.475,0.01,79,32,0.0,0.0,0.4,64,32,16,8
35,16,0.6039603960396038,0.01,68,32,0.4,0.0,0.4,64,32,16,8
35,17,0.7111111111111111,0.01,76,32,0.0,0.2,0.1,64,32,16,8
35,18,0.7010309278350516,0.005739570465593976,77,64,0.4,0.0,0.4,64,32,16,8
35,19,0.6699029126213593,0.01,63,64,0.4,0.1,0.1,64,32,16,8
35,20,0.7692307692307692,0.01,88,64,0.4,0.0,0.3,64,32,16,8
36,1,0.6463414634146342,0.01,79,64,0.0,0.3,0.3,64,32,16,8
36,2,0.4074074074074074,0.01,76,64,0.4,0.0,0.4,64,32,16,8
36,3,0.7105263157894737,0.004635821684060347,68,32,0.4,0.2,0.4,64,32,16,8
36,4,0.7218934911242604,0.01,68,32,0.4,0.3,0.4,64,32,16,8
36,5,0.6172839506172839,0.01,76,32,0.4,0.2,0.4,64,32,16,8
36,6,0.7040816326530612,0.01,88,64,0.1,0.0,0.3,64,32,16,8
36,7,0.5070422535211268,0.01,88,64,0.4,0.0,0.3,64,32,16,8
36,8,0.5977011494252873,0.01,76,32,0.4,0.2,0.4,64,32,16,8
36,9,0.8143712574850299,0.01,88,64,0.4,0.0,0.3,64,32,16,8
36,10,0.5563909774436091,0.01,64,32,0.4,0.3,0.4,64,32,16,8
36,11,0.7214611872146118,0.01,88,64,0.0,0.2,0.3,64,32,16,8
36,12,0.6308724832214765,0.01,70,16,0.1,0.0,0.3,64,32,16,8
36,13,0.7333333333333333,0.01,58,16,0.1,0.0,0.3,64,32,16,8
36,14,0.6862745098039215,0.01,63,64,0.4,0.1,0.1,64,32,16,8
36,15,0.8228571428571428,0.01,76,32,0.4,0.2,0.4,64,32,16,8
36,16,0.4817518248175182,0.01,68,32,0.1,0.0,0.4,64,32,16,8
36,17,0.6764705882352942,0.01,63,64,0.4,0.3,0.3,64,32,16,8
36,18,0.7228915662650603,0.01,76,64,0.0,0.3,0.4,64,32,16,8
36,19,0.09195402298850575,0.005739570465593976,68,16,0.4,0.2,0.1,64,32,16,8
36,20,0.6952380952380952,0.01,67,16,0.4,0.3,0.3,64,32,16,8
37,1,0.6533333333333334,0.01,79,64,0.0,0.3,0.3,64,32,16,8
37,2,0.4233576642335767,0.01,88,64,0.1,0.0,0.3,64,32,16,8
37,3,0.7926829268292682,0.01,81,64,0.4,0.0,0.2,64,32,16,8
37,4,0.6256983240223464,0.01,79,64,0.0,0.3,0.3,64,32,16,8
37,5,0.7934782608695652,0.007885667565686675,67,16,0.4,0.3,0.3,64,32,16,8
37,6,0.680628272251309,0.01,88,32,0.4,0.0,0.4,64,32,16,8
37,7,0.4786324786324786,0.01,68,64,0.4,0.3,0.3,64,32,16,8
37,8,0.7283950617283951,0.01,88,16,0.4,0.0,0.3,64,32,16,8
37,9,0.5497076023391813,0.01,58,64,0.0,0.0,0.3,64,32,16,8
37,10,0.47154471544715443,0.01,63,64,0.4,0.3,0.2,64,32,16,8
37,11,0.5454545454545455,0.01,68,32,0.4,0.1,0.1,64,32,16,8
37,12,0.6600985221674878,0.01,88,64,0.1,0.0,0.3,64,32,16,8
37,13,0.7037037037037036,0.01,88,64,0.0,0.2,0.3,64,32,16,8
37,14,0.17307692307692307,0.01,68,32,0.4,0.3,0.4,64,32,16,8
37,15,0.6969696969696971,0.01,65,32,0.4,0.2,0.4,64,32,16,8
37,16,0.6049382716049383,0.01,76,64,0.4,0.0,0.3,64,32,16,8
37,17,0.265625,0.006216488215579991,58,16,0.0,0.3,0.4,64,32,16,8
37,18,0.5521472392638037,0.01,76,64,0.0,0.3,0.3,64,32,16,8
37,19,0.2857142857142857,0.01,79,32,0.4,0.2,0.4,64,32,16,8
37,20,0.7363184079601989,0.01,76,64,0.0,0.4,0.4,64,32,16,8
38,1,0.5728643216080401,0.01,79,64,0.0,0.3,0.3,64,32,16,8
38,2,0.6545454545454545,0.01,88,64,0.1,0.0,0.3,64,32,16,8
38,3,0.6912442396313365,0.01,88,64,0.1,0.0,0.3,64,32,16,8
38,4,0.6164383561643836,0.01,76,64,0.0,0.2,0.3,64,32,16,8
38,5,0.6101694915254238,0.01,81,64,0.4,0.0,0.2,64,32,16,8
38,6,0.6052631578947368,0.01,79,64,0.4,0.3,0.3,64,32,16,8
38,7,0.7777777777777777,0.01,81,64,0.0,0.0,0.2,64,32,16,8
38,8,0.6874999999999999,0.007885667565686675,88,16,0.4,0.3,0.3,64,32,16,8
38,9,0.6067415730337078,0.01,67,64,0.1,0.0,0.3,64,32,16,8
38,10,0.6035502958579881,0.01,76,16,0.0,0.4,0.3,64,32,16,8
38,11,0.419047619047619,0.01,88,16,0.4,0.0,0.3,64,32,16,8
38,12,0.7544910179640719,0.01,76,64,0.0,0.0,0.3,64,32,16,8
38,13,0.7209302325581395,0.008737116418332684,79,64,0.4,0.3,0.3,64,32,16,8
38,14,0.7164179104477612,0.01,88,64,0.3,0.0,0.3,64,32,16,8
38,15,0.7291666666666666,0.01,76,16,0.4,0.4,0.4,64,32,16,8
38,16,0.6974358974358974,0.009057099062937755,88,32,0.4,0.1,0.3,64,32,16,8
38,17,0.6808510638297871,0.01,68,16,0.4,0.4,0.1,64,32,16,8
38,18,0.3925233644859813,0.01,88,64,0.4,0.0,0.3,64,32,16,8
38,19,0.7083333333333334,0.01,88,16,0.1,0.0,0.3,64,32,16,8
38,20,0.7219512195121951,0.01,65,32,0.2,0.2,0.3,64,32,16,8
39,1,0.6767676767676768,0.01,79,64,0.0,0.3,0.3,64,32,16,8
39,2,0.0,0.01,88,64,0.3,0.0,0.3,64,32,16,8
39,3,0.3238095238095238,0.01,88,64,0.3,0.0,0.2,64,32,16,8
39,4,0.7252747252747253,0.01,76,64,0.2,0.2,0.3,64,32,16,8
39,5,0.7179487179487181,0.01,65,32,0.0,0.0,0.3,64,32,16,8
39,6,0.7979797979797979,0.01,65,64,0.2,0.3,0.3,64,32,16,8
39,7,0.6086956521739131,0.006206251072723016,88,32,0.1,0.3,0.3,64,32,16,8
39,8,0.6729857819905213,0.01,81,64,0.4,0.2,0.1,64,32,16,8
39,9,0.6831683168316832,0.01,80,64,0.0,0.0,0.3,64,32,16,8
39,10,0.6198830409356726,0.008737116418332684,81,64,0.0,0.0,0.2,64,32,16,8
39,11,0.7045454545454545,0.01,79,64,0.4,0.3,0.3,64,32,16,8
39,12,0.6327683615819208,0.01,88,16,0.0,0.3,0.3,64,32,16,8
39,13,0.7647058823529411,0.007885667565686675,76,64,0.4,0.0,0.3,64,32,16,8
39,14,0.4065040650406504,0.01,81,32,0.4,0.1,0.2,64,32,16,8
39,15,0.7294117647058823,0.009057099062937755,88,64,0.0,0.0,0.3,64,32,16,8
39,16,0.7136563876651982,0.01,65,32,0.2,0.2,0.3,64,32,16,8
39,17,0.6020408163265306,0.01,76,64,0.0,0.0,0.4,64,32,16,8
39,18,0.518918918918919,0.01,76,16,0.4,0.4,0.3,64,32,16,8
39,19,0.1836734693877551,0.01,76,64,0.0,0.0,0.2,64,32,16,8
39,20,0.6666666666666667,0.01,76,64,0.0,0.4,0.4,64,32,16,8
40,1,0.708994708994709,0.01,79,64,0.0,0.3,0.3,64,32,16,8
40,2,0.7105263157894737,0.009057099062937755,77,64,0.0,0.0,0.3,64,32,16,8
40,3,0.6666666666666667,0.01,88,64,0.0,0.0,0.3,64,32,16,8
40,4,0.735632183908046,0.01,79,64,0.4,0.3,0.0,64,32,16,8
40,5,0.4225352112676056,0.01,76,64,0.2,0.2,0.3,64,32,16,8
40,6,0.2807017543859649,0.01,65,64,0.0,0.0,0.3,64,32,16,8
40,7,0.6905829596412557,0.01,65,32,0.2,0.3,0.3,64,32,16,8
40,8,0.4313725490196078,0.01,76,64,0.2,0.2,0.3,64,32,16,8
40,9,0.676470588235294,0.01,76,32,0.0,0.4,0.4,64,32,16,8
40,10,0.40322580645161293,0.01,79,64,0.4,0.3,0.3,64,32,16,8
40,11,0.6265060240963856,0.01,87,32,0.2,0.3,0.3,64,32,16,8
40,12,0.6826923076923077,0.01,76,16,0.4,0.3,0.2,64,32,16,8
40,13,0.7444444444444445,0.01,88,16,0.0,0.4,0.3,64,32,16,8
40,14,0.08695652173913042,0.007885667565686675,76,64,0.0,0.2,0.3,64,32,16,8
40,15,0.719626168224299,0.01,80,64,0.4,0.0,0.3,64,32,16,8
40,16,0.5939393939393939,0.01,65,32,0.2,0.2,0.4,64,32,16,8
40,17,0.6395939086294417,0.01,81,64,0.4,0.2,0.3,64,32,16,8
40,18,0.7358490566037735,0.01,65,32,0.2,0.2,0.3,64,32,16,8
40,19,0.5869565217391304,0.01,65,32,0.2,0.1,0.3,64,32,16,8
40,20,0.6578947368421051,0.01,65,64,0.2,0.3,0.3,64,32,16,8
41,1,0.8172043010752689,0.01,79,64,0.0,0.3,0.3,64,32,16,8
41,2,0.641304347826087,0.01,76,32,0.0,0.3,0.2,64,32,16,8
41,3,0.5490196078431373,0.01,76,64,0.4,0.3,0.4,64,32,16,8
41,4,0.6918238993710691,0.01,79,64,0.4,0.0,0.3,64,32,16,8
41,5,0.8098159509202455,0.01,80,64,0.4,0.3,0.0,64,32,16,8
41,6,0.7363184079601989,0.01,88,32,0.0,0.3,0.3,64,32,16,8
41,7,0.6666666666666666,0.01,65,16,0.2,0.4,0.3,64,32,16,8
41,8,0.6946107784431137,0.01,65,32,0.2,0.3,0.3,64,32,16,8
41,9,0.6145251396648045,0.01,72,32,0.0,0.4,0.4,64,32,16,8
41,10,0.6336633663366337,0.01,65,32,0.2,0.2,0.3,64,32,16,8
41,11,0.6101694915254238,0.01,88,16,0.2,0.2,0.3,64,32,16,8
41,12,0.6616541353383459,0.01,88,16,0.0,0.4,0.3,64,32,16,8
41,13,0.6729857819905213,0.009057099062937755,77,16,0.0,0.0,0.3,64,32,16,8
41,14,0.4705882352941177,0.01,79,64,0.4,0.0,0.3,64,32,16,8
41,15,0.7142857142857143,0.01,88,16,0.0,0.3,0.0,64,32,16,8
41,16,0.36190476190476184,0.009057099062937755,90,64,0.2,0.0,0.3,64,32,16,8
41,17,0.6797385620915033,0.01,77,64,0.0,0.1,0.3,64,32,16,8
41,18,0.702127659574468,0.01,88,16,0.0,0.3,0.3,64,32,16,8
41,19,0.1616161616161616,0.01,65,32,0.2,0.4,0.3,64,32,16,8
41,20,0.7120418848167539,0.01,65,64,0.2,0.2,0.3,64,32,16,8
42,1,0.5591397849462365,0.01,79,64,0.0,0.3,0.3,64,32,16,8
42,2,0.4444444444444444,0.01,88,32,0.0,0.3,0.3,64,32,16,8
42,3,0.5921052631578948,0.01,79,64,0.0,0.3,0.3,64,32,16,8
42,4,0.2834645669291338,0.009057099062937755,64,16,0.4,0.0,0.3,64,32,16,8
42,5,0.7123287671232876,0.01,68,64,0.0,0.0,0.3,64,32,16,8
42,6,0.4220183486238532,0.01,65,16,0.2,0.4,0.3,64,32,16,8
42,7,0.4107142857142857,0.01,80,64,0.4,0.3,0.1,64,32,16,8
42,8,0.7027027027027027,0.01,65,16,0.4,0.2,0.0,64,32,16,8
42,9,0.7136563876651982,0.01,80,32,0.2,0.3,0.3,64,32,16,8
42,10,0.6572769953051644,0.01,88,64,0.0,0.3,0.2,64,32,16,8
42,11,0.7807486631016043,0.01,76,32,0.0,0.3,0.3,64,32,16,8
42,12,0.7040816326530612,0.01,88,32,0.3,0.3,0.4,64,32,16,8
42,13,0.411214953271028,0.01,88,16,0.0,0.4,0.3,64,32,16,8
42,14,0.543046357615894,0.01,88,64,0.0,0.3,0.3,64,32,16,8
42,15,0.8043478260869564,0.01,79,32,0.0,0.2,0.4,64,32,16,8
42,16,0.27419354838709675,0.01,79,32,0.4,0.0,0.3,64,32,16,8
42,17,0.6972477064220183,0.01,65,64,0.2,0.2,0.3,64,32,16,8
42,18,0.72,0.007103655935916898,79,64,0.0,0.3,0.3,64,32,16,8
42,19,0.7344632768361582,0.01,88,32,0.0,0.3,0.3,64,32,16,8
42,20,0.6964285714285714,0.01,88,32,0.0,0.3,0.3,64,32,16,8
43,1,0.36697247706422015,0.01,79,64,0.0,0.3,0.3,64,32,16,8
43,2,0.7789473684210526,0.01,88,32,0.0,0.3,0.3,64,32,16,8
43,3,0.3893805309734513,0.007103655935916898,79,64,0.0,0.3,0.3,64,32,16,8
43,4,0.6395348837209301,0.01,88,32,0.0,0.2,0.3,64,32,16,8
43,5,0.7382550335570469,0.01,79,32,0.0,0.3,0.2,64,32,16,8
43,6,0.684931506849315,0.007103655935916898,65,64,0.0,0.2,0.3,64,32,16,8
43,7,0.6616541353383459,0.01,79,64,0.2,0.3,0.3,64,32,16,8
43,8,0.6802030456852792,0.00874908684995952,79,64,0.0,0.3,0.3,64,32,16,8
43,9,0.6844919786096257,0.01,65,64,0.3,0.2,0.3,64,32,16,8
43,10,0.48322147651006714,0.01,88,32,0.3,0.3,0.4,64,32,16,8
43,11,0.1983471074380165,0.01,79,32,0.0,0.2,0.4,64,32,16,8
43,12,0.6048780487804879,0.01,68,64,0.0,0.0,0.3,64,32,16,8
43,13,0.8494623655913979,0.01,79,32,0.0,0.2,0.3,64,32,16,8
43,14,0.5942857142857143,0.01,57,64,0.3,0.2,0.3,64,32,16,8
43,15,0.24742268041237112,0.01,88,32,0.2,0.3,0.4,64,32,16,8
43,16,0.7357512953367874,0.01,65,32,0.4,0.2,0.0,64,32,16,8
43,17,0.47619047619047616,0.01,88,16,0.3,0.3,0.4,64,32,16,8
43,18,0.7357512953367874,0.01,68,64,0.0,0.0,0.2,64,32,16,8
43,19,0.6993865030674846,0.01,88,64,0.0,0.3,0.3,64,32,16,8
43,20,0.7105263157894737,0.01,79,32,0.0,0.3,0.4,64,32,16,8
44,1,0.75,0.01,79,32,0.0,0.2,0.3,64,32,16,8
44,2,0.7457627118644067,0.00874908684995952,68,64,0.0,0.0,0.3,64,32,16,8
44,3,0.7352941176470589,0.01,79,64,0.0,0.3,0.2,64,32,16,8
44,4,0.719626168224299,0.01,79,32,0.0,0.3,0.3,64,32,16,8
44,5,0.624113475177305,0.01,68,64,0.0,0.1,0.3,64,32,16,8
44,6,0.4067796610169491,0.01,65,64,0.3,0.2,0.3,64,32,16,8
44,7,0.5714285714285714,0.01,57,64,0.3,0.2,0.3,64,32,16,8
44,8,0.7160493827160493,0.01,88,64,0.0,0.0,0.2,64,32,16,8
44,9,0.7252747252747253,0.01,68,32,0.0,0.2,0.3,64,32,16,8
44,10,0.7058823529411764,0.007103655935916898,65,64,0.0,0.3,0.3,64,32,16,8
44,11,0.6831683168316832,0.01,79,64,0.2,0.2,0.3,64,32,16,8
44,12,0.6905829596412557,0.01,79,32,0.0,0.3,0.2,64,32,16,8
44,13,0.5283018867924528,0.01,68,64,0.0,0.0,0.4,64,32,16,8
44,14,0.5620915032679739,0.01,79,32,0.0,0.2,0.3,64,32,16,8
44,15,0.5736434108527132,0.01,79,16,0.0,0.3,0.4,64,32,16,8
44,16,0.5,0.007103655935916898,79,64,0.0,0.2,0.3,64,32,16,8
44,17,0.6867469879518073,0.00874908684995952,65,16,0.0,0.3,0.3,64,32,16,8
44,18,0.6545454545454545,0.01,65,64,0.2,0.2,0.3,64,32,16,8
44,19,0.6871794871794873,0.007103655935916898,65,32,0.2,0.2,0.0,64,32,16,8
44,20,0.49600000000000005,0.01,88,32,0.0,0.3,0.3,64,32,16,8
45,1,0.7238095238095239,0.01,79,32,0.0,0.2,0.3,64,32,16,8
45,2,0.7297297297297298,0.01,79,32,0.0,0.2,0.3,64,32,16,8
45,3,0.7142857142857142,0.01,79,32,0.0,0.3,0.3,64,32,16,8
45,4,0.7157894736842104,0.01,79,32,0.2,0.2,0.3,64,32,16,8
45,5,0.7133757961783439,0.01,65,64,0.0,0.2,0.3,64,32,16,8
45,6,0.5232558139534884,0.004365251046492705,65,32,0.1,0.3,0.3,64,32,16,8
45,7,0.3826086956521739,0.007103655935916898,65,64,0.0,0.2,0.0,64,32,16,8
45,8,0.3853211009174311,0.01,79,16,0.0,0.3,0.4,64,32,16,8
45,9,0.6842105263157895,0.01,68,32,0.0,0.2,0.4,64,32,16,8
45,10,0.6794871794871794,0.007103655935916898,65,64,0.0,0.3,0.3,64,32,16,8
45,11,0.6666666666666667,0.01,79,64,0.0,0.3,0.2,64,32,16,8
45,12,0.7079646017699115,0.007103655935916898,65,64,0.0,0.3,0.0,64,32,16,8
45,13,0.606060606060606,0.00874908684995952,68,32,0.2,0.0,0.3,64,32,16,8
45,14,0.7441860465116279,0.01,79,32,0.0,0.2,0.3,64,32,16,8
45,15,0.7341772151898733,0.007103655935916898,65,64,0.0,0.3,0.3,64,32,16,8
45,16,0.6586826347305389,0.01,88,64,0.0,0.0,0.2,64,32,16,8
45,17,0.6871165644171778,0.01,79,64,0.0,0.3,0.2,64,32,16,8
45,18,0.6936936936936937,0.01,79,64,0.0,0.0,0.2,64,32,16,8
45,19,0.7707317073170732,0.01,88,64,0.0,0.3,0.3,64,32,16,8
45,20,0.0,0.007103655935916898,65,32,0.2,0.2,0.0,64,32,16,8
46,1,0.5490196078431373,0.01,79,32,0.0,0.2,0.3,64,32,16,8
46,2,0.7105263157894737,0.01,79,64,0.0,0.2,0.3,64,32,16,8
46,3,0.781725888324873,0.01,88,32,0.2,0.3,0.3,64,32,16,8
46,4,0.6329113924050632,0.01,88,64,0.0,0.3,0.3,64,32,16,8
46,5,0.7039106145251396,0.01,79,32,0.0,0.2,0.3,64,32,16,8
46,6,0.7218934911242604,0.01,65,32,0.0,0.3,0.3,64,32,16,8
46,7,0.6029411764705882,0.007103655935916898,79,64,0.0,0.3,0.0,64,32,16,8
46,8,0.5106382978723405,0.01,79,64,0.0,0.0,0.2,64,32,16,8
46,9,0.7181818181818183,0.01,79,64,0.0,0.0,0.2,64,32,16,8
46,10,0.26530612244897955,0.01,79,32,0.0,0.2,0.3,64,32,16,8
46,11,0.7045454545454545,0.01,88,64,0.0,0.3,0.3,64,32,16,8
46,12,0.7526881720430108,0.01,88,64,0.0,0.3,0.3,64,32,16,8
46,13,0.6798029556650247,0.01,88,64,0.0,0.3,0.3,64,32,16,8
46,14,0.6184210526315791,0.005617854790892174,65,64,0.0,0.3,0.4,64,32,16,8
46,15,0.5497076023391813,0.007103655935916898,65,64,0.0,0.3,0.0,64,32,16,8
46,16,0.5035971223021583,0.01,79,64,0.0,0.4,0.2,64,32,16,8
46,17,0.5793103448275861,0.01,88,16,0.0,0.3,0.3,64,32,16,8
46,18,0.6486486486486486,0.01,79,64,0.2,0.3,0.3,64,32,16,8
46,19,0.7613636363636362,0.01,88,32,0.0,0.2,0.4,64,32,16,8
46,20,0.7048458149779736,0.01,79,32,0.1,0.2,0.3,64,32,16,8
47,1,0.6826347305389222,0.01,79,32,0.0,0.2,0.3,64,32,16,8
47,2,0.4912280701754386,0.01,79,32,0.0,0.1,0.4,64,32,16,8
47,3,0.662251655629139,0.01,88,64,0.0,0.2,0.3,64,32,16,8
47,4,0.7755102040816325,0.01,88,32,0.0,0.2,0.4,64,32,16,8
47,5,0.6330935251798561,0.01,88,32,0.2,0.3,0.3,64,32,16,8
47,6,0.6296296296296297,0.01,88,32,0.0,0.0,0.2,64,32,16,8
47,7,0.7032967032967031,0.01,79,64,0.1,0.3,0.3,64,32,16,8
47,8,0.6991150442477877,0.01,65,32,0.1,0.3,0.3,64,32,16,8
47,9,0.7953216374269005,0.01,85,64,0.0,0.3,0.1,64,32,16,8
47,10,0.7724867724867724,0.01,88,32,0.0,0.3,0.3,64,32,16,8
47,11,0.6808510638297871,0.01,65,64,0.0,0.3,0.3,64,32,16,8
47,12,0.421875,0.01,88,32,0.2,0.2,0.3,64,32,16,8
47,13,0.6701570680628272,0.01,79,32,0.3,0.3,0.3,64,32,16,8
47,14,0.5084745762711864,0.01,88,32,0.2,0.3,0.3,64,32,16,8
47,15,0.0,0.01,88,32,0.2,0.1,0.3,64,32,16,8
47,16,0.693069306930693,0.01,90,64,0.2,0.3,0.3,64,32,16,8
47,17,0.6966292134831461,0.01,88,32,0.0,0.3,0.3,64,32,16,8
47,18,0.7121951219512195,0.01,88,32,0.0,0.2,0.3,64,32,16,8
47,19,0.7022222222222224,0.01,88,32,0.2,0.3,0.3,64,32,16,8
47,20,0.7209302325581395,0.01,88,64,0.0,0.3,0.3,64,32,16,8
48,1,0.5644171779141105,0.01,79,32,0.0,0.2,0.3,64,32,16,8
48,2,0.6338028169014086,0.01,88,32,0.1,0.2,0.3,64,32,16,8
48,3,0.33628318584070793,0.01,79,64,0.0,0.3,0.3,64,32,16,8
48,4,0.2602739726027397,0.004529685796168061,65,16,0.0,0.3,0.3,64,32,16,8
48,5,0.46874999999999994,0.01,79,64,0.1,0.3,0.3,64,32,16,8
48,6,0.7029702970297032,0.01,90,32,0.0,0.3,0.3,64,32,16,8
48,7,0.6818181818181818,0.01,88,64,0.2,0.3,0.2,64,32,16,8
48,8,0.6823529411764707,0.01,88,32,0.2,0.1,0.3,64,32,16,8
48,9,0.6851851851851851,0.01,90,64,0.2,0.3,0.3,64,32,16,8
48,10,0.6458333333333333,0.01,88,64,0.2,0.3,0.3,64,32,16,8
48,11,0.6968325791855204,0.01,90,32,0.0,0.4,0.4,64,32,16,8
48,12,0.6557377049180328,0.01,79,64,0.3,0.3,0.2,64,32,16,8
48,13,0.5081967213114754,0.01,88,16,0.0,0.3,0.2,64,32,16,8
48,14,0.7692307692307693,0.01,77,32,0.0,0.0,0.3,64,32,16,8
48,15,0.6883720930232559,0.008975911402842353,65,64,0.1,0.3,0.3,64,32,16,8
48,16,0.7000000000000001,0.01,88,16,0.0,0.3,0.3,64,32,16,8
48,17,0.6060606060606061,0.01,88,64,0.0,0.3,0.3,64,32,16,8
48,18,0.46280991735537186,0.01,85,64,0.0,0.3,0.1,64,32,16,8
48,19,0.6526315789473685,0.01,85,64,0.0,0.3,0.1,64,32,16,8
48,20,0.09411764705882353,0.01,88,32,0.0,0.3,0.3,64,32,16,8
49,1,0.5578231292517007,0.01,79,32,0.0,0.2,0.3,64,32,16,8
49,2,0.7111111111111111,0.01,90,32,0.0,0.3,0.0,64,32,16,8
49,3,0.536312849162011,0.007521383798726906,77,32,0.0,0.0,0.3,64,32,16,8
49,4,0.7383177570093458,0.009182369098725112,90,32,0.0,0.3,0.3,64,32,16,8
49,5,0.7189542483660132,0.01,77,32,0.0,0.0,0.3,64,32,16,8
49,6,0.7123287671232876,0.01,90,32,0.0,0.4,0.3,64,32,16,8
49,7,0.7938144329896907,0.01,90,32,0.0,0.4,0.1,64,32,16,8
49,8,0.4528301886792453,0.01,88,32,0.0,0.4,0.4,64,32,16,8
49,9,0.34951456310679613,0.01,90,32,0.0,0.3,0.3,64,32,16,8
49,10,0.7341772151898733,0.008975911402842353,65,64,0.1,0.3,0.3,64,32,16,8
49,11,0.7707317073170732,0.008975911402842353,65,64,0.1,0.3,0.3,64,32,16,8
49,12,0.19607843137254902,0.01,90,16,0.0,0.4,0.4,64,32,16,8
49,13,0.644808743169399,0.01,81,64,0.0,0.3,0.1,64,32,16,8
49,14,0.7042253521126761,0.01,88,16,0.0,0.1,0.3,64,32,16,8
49,15,0.7317073170731707,0.01,88,32,0.0,0.3,0.3,64,32,16,8
49,16,0.4779874213836478,0.01,82,32,0.0,0.0,0.3,64,32,16,8
49,17,0.6486486486486487,0.01,88,16,0.0,0.3,0.3,64,32,16,8
49,18,0.048192771084337345,0.008975911402842353,65,64,0.1,0.3,0.3,64,32,16,8
49,19,0.6233766233766234,0.008975911402842353,65,64,0.0,0.3,0.3,64,32,16,8
49,20,0.7027027027027027,0.01,88,16,0.0,0.3,0.3,64,32,16,8
50,1,0.7065868263473054,0.01,79,32,0.0,0.2,0.3,64,32,16,8
50,2,0.6927374301675978,0.005420677399719278,65,64,0.0,0.3,0.3,64,32,16,8
50,3,0.2156862745098039,0.008975911402842353,88,16,0.1,0.3,0.3,64,32,16,8
50,4,0.75,0.009182369098725112,90,32,0.0,0.3,0.3,64,32,16,8
50,5,0.7136563876651982,0.01,90,32,0.3,0.3,0.3,64,32,16,8
50,6,0.8314606741573032,0.008975911402842353,65,32,0.0,0.3,0.0,64,32,16,8
50,7,0.7065868263473054,0.01,86,64,0.1,0.3,0.3,64,32,16,8
50,8,0.7452830188679245,0.006030020267503884,65,64,0.0,0.3,0.3,64,32,16,8
50,9,0.6594594594594596,0.008975911402842353,65,64,0.1,0.3,0.3,64,32,16,8
50,10,0.6822429906542057,0.008975911402842353,65,64,0.1,0.3,0.3,64,32,16,8
50,11,0.5538461538461538,0.01,90,32,0.0,0.4,0.1,64,32,16,8
50,12,0.6262626262626262,0.008975911402842353,65,64,0.1,0.3,0.3,64,32,16,8
50,13,0.47826086956521735,0.008975911402842353,65,64,0.1,0.3,0.3,64,32,16,8
50,14,0.5538461538461538,0.01,90,32,0.0,0.3,0.3,64,32,16,8
50,15,0.7203791469194314,0.009182369098725112,77,32,0.0,0.0,0.3,64,32,16,8
50,16,0.7398843930635839,0.01,76,32,0.0,0.2,0.0,64,32,16,8
50,17,0.7339449541284403,0.01,90,32,0.0,0.3,0.0,64,32,16,8
50,18,0.5477707006369427,0.008975911402842353,65,64,0.4,0.3,0.3,64,32,16,8
50,19,0.6060606060606061,0.008975911402842353,65,64,0.4,0.3,0.3,64,32,16,8
50,20,0.5714285714285714,0.01,90,32,0.0,0.3,0.3,64,32,16,8
